"STATION","DATE","LATITUDE","LONGITUDE","ELEVATION","NAME","TEMP","TEMP_ATTRIBUTES","DEWP","DEWP_ATTRIBUTES","SLP","SLP_ATTRIBUTES","STP","STP_ATTRIBUTES","VISIB","VISIB_ATTRIBUTES","WDSP","WDSP_ATTRIBUTES","MXSPD","GUST","MAX","MAX_ATTRIBUTES","MIN","MIN_ATTRIBUTES","PRCP","PRCP_ATTRIBUTES","SNDP","FRSHTT"
"72365023050","2024-01-01","35.04189","-106.61545","1618.4","ALBUQUERQUE INTERNATIONAL AIRPORT, NM US","  35.4","24","  19.2","24","1023.5","24","841.6","24"," 10.0","24","  3.2","24","  7.0","999.9","  50.0"," ","  25.0"," "," 0.00","G","999.9","000000"
"72365023050","2024-01-02","35.04189","-106.61545","1618.4","ALBUQUERQUE INTERNATIONAL AIRPORT, NM US","  37.6","24","  18.4","24","1021.7","24","840.3","24"," 10.0","24","  6.4","24"," 12.0","999.9","  52.0"," ","  26.1"," "," 0.00","G","999.9","000000"
"72365023050","2024-01-03","35.04189","-106.61545","1618.4","ALBUQUERQUE INTERNATIONAL AIRPORT, NM US","  36.5","24","  15.2","24","1021.0","24","839.9","24"," 10.0","24","  3.2","24","  7.0","999.9","  52.0"," ","  25.0"," "," 0.00","G","999.9","000000"
"72365023050","2024-01-04","35.04189","-106.61545","1618.4","ALBUQUERQUE INTERNATIONAL AIRPORT, NM US","  38.6","24","  25.5","24","1010.0","18","830.4","24","  8.2","24","  8.2","24"," 20.0"," 28.9","  48.9"," ","  25.0"," "," 0.00","G","  1.2","011000"
"72365023050","2024-01-05","35.04189","-106.61545","1618.4","ALBUQUERQUE INTERNATIONAL AIRPORT, NM US","  32.1","24","  27.6","24","1013.1","22","832.3","24","  8.0","24","  5.5","24"," 12.0"," 21.0","  44.1"," ","  26.1"," "," 0.23","G","  2.0","001000"
"72365023050","2024-01-06","35.04189","-106.61545","1618.4","ALBUQUERQUE INTERNATIONAL AIRPORT, NM US","  32.5","24","  20.8","24","1015.7","24","834.6","24"," 10.0","24","  7.0","24"," 12.0","999.9","  41.0"," ","  26.1"," "," 0.00","G","  2.0","000000"
"72365023050","2024-01-07","35.04189","-106.61545","1618.4","ALBUQUERQUE INTERNATIONAL AIRPORT, NM US","  31.1","24","  19.0","24","1010.8","24","830.2","24"," 10.0","24","  4.6","24"," 12.0"," 17.1","  41.0"," ","  24.1"," "," 0.00","G","999.9","000000"
"72365023050","2024-01-08","35.04189","-106.61545","1618.4","ALBUQUERQUE INTERNATIONAL AIRPORT, NM US","  30.6","24","  18.5","24","1003.7","24","824.0","24","  9.8","24"," 11.1","24"," 20.0"," 28.9","  41.0"," ","  25.0"," "," 0.00","G","999.9","001000"
"72365023050","2024-01-09","35.04189","-106.61545","1618.4","ALBUQUERQUE INTERNATIONAL AIRPORT, NM US","  26.8","24","   9.0","24","1019.5","24","836.6","24"," 10.0","24","  8.7","24"," 18.1"," 24.1","  37.0"," ","  19.0"," "," 0.00","G","999.9","000000"
"72365023050","2024-01-10","35.04189","-106.61545","1618.4","ALBUQUERQUE INTERNATIONAL AIRPORT, NM US","  29.3","24","  11.6","24","1012.4","24","830.8","24"," 10.0","24","  5.2","24","  9.9","999.9","  46.9"," ","  19.0"," "," 0.00","G","999.9","000000"
"72365023050","2024-01-11","35.04189","-106.61545","1618.4","ALBUQUERQUE INTERNATIONAL AIRPORT, NM US","  34.6","24","  17.4","24","1003.5","24","824.7","24","  9.6","24"," 11.0","24"," 33.0"," 44.1","  46.9"," ","  19.9"," "," 0.00","G","999.9","001000"
"72365023050","2024-01-12","35.04189","-106.61545","1618.4","ALBUQUERQUE INTERNATIONAL AIRPORT, NM US","  25.7","24","   6.4","24","1014.6","24","832.7","24"," 10.0","24","  7.4","24"," 17.1"," 28.0","  43.0"," ","  14.0"," "," 0.00","G","999.9","000000"
"72365023050","2024-01-13","35.04189","-106.61545","1618.4","ALBUQUERQUE INTERNATIONAL AIRPORT, NM US","  36.9","24","  11.8","24","1014.6","24","833.8","24"," 10.0","24","  6.8","24"," 12.0"," 18.1","  50.0"," ","  14.0"," "," 0.00","G","999.9","000000"
"72365023050","2024-01-14","35.04189","-106.61545","1618.4","ALBUQUERQUE INTERNATIONAL AIRPORT, NM US","  42.2","24","  21.3","24","1010.5","24","832.0","24"," 10.0","24","  9.3","24"," 18.1"," 27.0","  55.9"," ","  28.2"," "," 0.00","G","999.9","000000"
"72365023050","2024-01-15","35.04189","-106.61545","1618.4","ALBUQUERQUE INTERNATIONAL AIRPORT, NM US","  40.0","24","  24.2","24","1012.1","24","833.5","24"," 10.0","24","  6.2","24"," 14.0"," 18.1","  55.9"," ","  26.1"," "," 0.00","G","999.9","000000"
"72365023050","2024-01-16","35.04189","-106.61545","1618.4","ALBUQUERQUE INTERNATIONAL AIRPORT, NM US","  32.4","24","  15.5","24","1018.6","24","837.4","24"," 10.0","24","  5.4","24"," 13.0","999.9","  52.0"," ","  16.0"," "," 0.00","G","999.9","000000"
"72365023050","2024-01-17","35.04189","-106.61545","1618.4","ALBUQUERQUE INTERNATIONAL AIRPORT, NM US","  35.3","24","  17.0","24","1017.7","24","836.7","24"," 10.0","24","  4.2","24"," 11.1","999.9","  50.0"," ","  16.0"," "," 0.00","G","999.9","000000"
"72365023050","2024-01-18","35.04189","-106.61545","1618.4","ALBUQUERQUE INTERNATIONAL AIRPORT, NM US","  43.0","24","  28.1","24","1016.3","24","836.7","24"," 10.0","24","  5.5","24"," 15.9"," 20.0","  57.0"," ","  21.9"," "," 0.00","G","999.9","000000"
"72365023050","2024-01-19","35.04189","-106.61545","1618.4","ALBUQUERQUE INTERNATIONAL AIRPORT, NM US","  40.8","24","  25.5","24","1023.0","24","842.6","24"," 10.0","24","  5.3","24"," 14.0"," 18.1","  57.0"," ","  28.9"," "," 0.00","G","999.9","000000"
"72365023050","2024-01-20","35.04189","-106.61545","1618.4","ALBUQUERQUE INTERNATIONAL AIRPORT, NM US","  40.0","24","  24.4","24","1020.5","24","840.0","24","  9.8","24","  2.3","24","  8.0","999.9","  53.1"," ","  28.0"," "," 0.00","G","999.9","000000"
"72365023050","2024-01-21","35.04189","-106.61545","1618.4","ALBUQUERQUE INTERNATIONAL AIRPORT, NM US","  42.8","24","  27.5","24","1014.0","24","835.1","24","  9.8","24","  3.4","24","  8.9","999.9","  53.1"," ","  28.0"," "," 0.00","G","999.9","010000"
"72365023050","2024-01-22","35.04189","-106.61545","1618.4","ALBUQUERQUE INTERNATIONAL AIRPORT, NM US","  43.2","24","  35.2","24","1012.1","24","833.7","24"," 10.0","24","  2.9","24","  6.0","999.9","  51.1"," ","  37.9"," "," 0.00","G","999.9","010000"
"72365023050","2024-01-23","35.04189","-106.61545","1618.4","ALBUQUERQUE INTERNATIONAL AIRPORT, NM US","  40.1","24","  34.4","24","1012.0","24","833.3","24"," 10.0","24","  4.1","24"," 11.1","999.9","  51.1"," ","  30.9"," "," 0.02","G","999.9","010000"
"72365023050","2024-01-24","35.04189","-106.61545","1618.4","ALBUQUERQUE INTERNATIONAL AIRPORT, NM US","  41.9","24","  38.6","24","1013.5","20","834.7","24","  9.0","24","  3.4","24","  7.0","999.9","  46.9"," ","  30.9"," "," 0.02","G","999.9","010000"
"72365023050","2024-01-25","35.04189","-106.61545","1618.4","ALBUQUERQUE INTERNATIONAL AIRPORT, NM US","  39.9","24","  35.2","24","1016.2","24","836.6","24"," 10.0","24","  3.5","24","  7.0","999.9","  46.9"," ","  35.1"," "," 0.03","G","999.9","010000"
"72365023050","2024-01-26","35.04189","-106.61545","1618.4","ALBUQUERQUE INTERNATIONAL AIRPORT, NM US","  40.8","24","  34.7","24","1016.0","21","836.1","24","  9.7","24","  4.3","24"," 12.0"," 18.1","  50.0"," ","  35.1"," "," 0.03","G","999.9","010000"
"72365023050","2024-01-27","35.04189","-106.61545","1618.4","ALBUQUERQUE INTERNATIONAL AIRPORT, NM US","  40.9","24","  29.3","24","1027.2","24","845.9","24"," 10.0","24","  3.8","24"," 12.0","999.9","  53.1"," ","  30.0"," "," 0.00","G","999.9","000000"
"72365023050","2024-01-28","35.04189","-106.61545","1618.4","ALBUQUERQUE INTERNATIONAL AIRPORT, NM US","  39.4","24","  23.8","24","1029.3","24","847.3","24"," 10.0","24","  2.8","24","  8.9","999.9","  54.0"," ","  27.0"," "," 0.00","G","999.9","000000"
"72365023050","2024-01-29","35.04189","-106.61545","1618.4","ALBUQUERQUE INTERNATIONAL AIRPORT, NM US","  41.3","24","  24.8","24","1027.7","24","846.0","24"," 10.0","24","  2.7","24","  7.0","999.9","  59.0"," ","  27.0"," "," 0.00","G","999.9","000000"
"72365023050","2024-01-30","35.04189","-106.61545","1618.4","ALBUQUERQUE INTERNATIONAL AIRPORT, NM US","  45.3","24","  24.2","24","1024.1","24","843.9","24"," 10.0","24","  4.4","24"," 11.1","999.9","  61.0"," ","  27.0"," "," 0.00","G","999.9","000000"
"72365023050","2024-01-31","35.04189","-106.61545","1618.4","ALBUQUERQUE INTERNATIONAL AIRPORT, NM US","  45.8","24","  25.9","24","1021.6","24","842.1","24"," 10.0","24","  3.4","24","  9.9","999.9","  61.0"," ","  35.1"," "," 0.00","G","999.9","000000"
"72365023050","2024-02-01","35.04189","-106.61545","1618.4","ALBUQUERQUE INTERNATIONAL AIRPORT, NM US","  46.0","24","  34.5","24","1015.9","24","837.4","24"," 10.0","24","  4.2","24","  8.9","999.9","  61.0"," ","  35.1"," "," 0.00","G","999.9","000000"
"72365023050","2024-02-02","35.04189","-106.61545","1618.4","ALBUQUERQUE INTERNATIONAL AIRPORT, NM US","  47.9","24","  34.7","24","1004.4","24","828.4","24","  9.8","24","  9.4","24"," 26.0"," 35.0","  61.0"," ","  35.1"," "," 0.00","G","999.9","010000"
"72365023050","2024-02-03","35.04189","-106.61545","1618.4","ALBUQUERQUE INTERNATIONAL AIRPORT, NM US","  41.1","24","  23.1","24","1002.9","24","826.0","24"," 10.0","24"," 11.6","24"," 26.0"," 38.1","  52.0"," ","  36.0"," "," 0.01","G","999.9","000000"
"72365023050","2024-02-04","35.04189","-106.61545","1618.4","ALBUQUERQUE INTERNATIONAL AIRPORT, NM US","  40.5","24","  15.6","24","1013.1","24","834.2","24"," 10.0","24"," 11.2","24"," 26.0"," 31.1","  51.1"," ","  27.0"," "," 0.00","G","999.9","000000"
"72365023050","2024-02-05","35.04189","-106.61545","1618.4","ALBUQUERQUE INTERNATIONAL AIRPORT, NM US","  40.1","24","  16.9","24","1021.6","24","841.0","24"," 10.0","24","  5.2","24"," 13.0"," 19.0","  55.9"," ","  27.0"," "," 0.00","G","999.9","000000"
"72365023050","2024-02-06","35.04189","-106.61545","1618.4","ALBUQUERQUE INTERNATIONAL AIRPORT, NM US","  45.2","24","  24.0","24","1016.1","24","837.2","24"," 10.0","24","  3.5","24","  8.9","999.9","  55.9"," ","  27.0"," "," 0.00","G","999.9","000000"
"72365023050","2024-02-07","35.04189","-106.61545","1618.4","ALBUQUERQUE INTERNATIONAL AIRPORT, NM US","  46.6","24","  32.3","24","1006.7","22","830.1","24"," 10.0","24"," 12.4","24"," 22.9"," 35.0","  55.9"," ","  37.0"," "," 0.00","G","999.9","011100"
"72365023050","2024-02-08","35.04189","-106.61545","1618.4","ALBUQUERQUE INTERNATIONAL AIRPORT, NM US","  40.1","24","  22.1","24","1011.4","24","832.8","24"," 10.0","24","  9.1","24"," 18.1"," 28.0","  50.0"," ","  35.1"," "," 0.07","G","999.9","000000"
"72365023050","2024-02-09","35.04189","-106.61545","1618.4","ALBUQUERQUE INTERNATIONAL AIRPORT, NM US","  37.5","24","  17.9","24","1013.1","24","833.8","24"," 10.0","24","  6.4","24"," 14.0"," 22.0","  48.0"," ","  24.1"," "," 0.00","G","999.9","000000"
"72365023050","2024-02-10","35.04189","-106.61545","1618.4","ALBUQUERQUE INTERNATIONAL AIRPORT, NM US","  35.7","24","  21.8","24","1010.3","19","830.8","24","  8.2","24","  5.3","24"," 11.1"," 14.0","  46.0"," ","  24.1"," "," 0.00","G","999.9","111000"
"72365023050","2024-02-11","35.04189","-106.61545","1618.4","ALBUQUERQUE INTERNATIONAL AIRPORT, NM US","  33.3","24","  23.6","24","1014.3","24","833.4","24"," 10.0","24","  8.4","24"," 14.0"," 22.9","  43.0"," ","  28.0"," "," 0.33","G","  1.2","000000"
"72365023050","2024-02-12","35.04189","-106.61545","1618.4","ALBUQUERQUE INTERNATIONAL AIRPORT, NM US","  34.6","24","  19.6","24","1020.9","24","839.2","24"," 10.0","24","  4.1","24"," 14.0"," 17.1","  48.0"," ","  24.1"," "," 0.00","G","  1.2","000000"
"72365023050","2024-02-13","35.04189","-106.61545","1618.4","ALBUQUERQUE INTERNATIONAL AIRPORT, NM US","  38.6","24","  20.3","24","1018.9","24","838.2","24"," 10.0","24","  2.7","24","  7.0","999.9","  55.0"," ","  24.1"," "," 0.00","G","999.9","000000"
"72365023050","2024-02-14","35.04189","-106.61545","1618.4","ALBUQUERQUE INTERNATIONAL AIRPORT, NM US","  42.6","24","  19.3","24","1016.2","24","836.8","24"," 10.0","24","  6.0","24"," 15.0"," 27.0","  59.0"," ","  25.0"," "," 0.00","G","999.9","000000"
"72365023050","2024-02-15","35.04189","-106.61545","1618.4","ALBUQUERQUE INTERNATIONAL AIRPORT, NM US","  43.3","24","  16.9","24","1019.7","24","840.0","24"," 10.0","24","  5.4","24"," 15.0"," 18.1","  60.1"," ","  28.9"," "," 0.00","G","999.9","000000"
"72365023050","2024-02-16","35.04189","-106.61545","1618.4","ALBUQUERQUE INTERNATIONAL AIRPORT, NM US","  46.7","24","  22.0","24","1016.0","24","837.6","24"," 10.0","24","  5.8","24"," 15.0"," 20.0","  60.1"," ","  28.9"," "," 0.00","G","999.9","000000"
"72365023050","2024-02-17","35.04189","-106.61545","1618.4","ALBUQUERQUE INTERNATIONAL AIRPORT, NM US","  43.0","24","  24.5","24","1017.7","24","838.5","24","  9.7","24","  7.5","24"," 18.1"," 24.1","  57.9"," ","  30.0"," "," 0.00","G","999.9","000000"
"72365023050","2024-02-18","35.04189","-106.61545","1618.4","ALBUQUERQUE INTERNATIONAL AIRPORT, NM US","  35.5","24","  23.3","24","1020.5","24","839.4","24"," 10.0","24","  5.4","24"," 18.1","999.9","  54.0"," ","  25.0"," "," 0.00","G","999.9","000000"
"72365023050","2024-02-19","35.04189","-106.61545","1618.4","ALBUQUERQUE INTERNATIONAL AIRPORT, NM US","  44.7","24","  25.2","24","1018.5","24","838.8","24"," 10.0","24","  3.5","24","  9.9","999.9","  62.1"," ","  25.0"," "," 0.00","G","999.9","000000"
"72365023050","2024-02-20","35.04189","-106.61545","1618.4","ALBUQUERQUE INTERNATIONAL AIRPORT, NM US","  50.0","24","  19.6","24","1020.6","24","841.9","24"," 10.0","24","  3.8","24","  7.0","999.9","  66.9"," ","  30.9"," "," 0.00","G","999.9","000000"
"72365023050","2024-02-21","35.04189","-106.61545","1618.4","ALBUQUERQUE INTERNATIONAL AIRPORT, NM US","  49.0","24","  13.2","24","1016.5","24","838.7","24","  9.9","24","  5.6","24"," 25.1"," 36.9","  66.9"," ","  35.1"," "," 0.00","G","999.9","000000"
"72365023050","2024-02-22","35.04189","-106.61545","1618.4","ALBUQUERQUE INTERNATIONAL AIRPORT, NM US","  50.7","24","  21.0","24","1015.7","24","838.2","24"," 10.0","24","  7.8","24"," 22.0"," 27.0","  66.0"," ","  35.1"," "," 0.00","G","999.9","000000"
"72365023050","2024-02-23","35.04189","-106.61545","1618.4","ALBUQUERQUE INTERNATIONAL AIRPORT, NM US","  45.7","24","  13.7","24","1020.8","24","841.6","24"," 10.0","24","  7.4","24"," 15.9"," 17.1","  60.1"," ","  33.1"," "," 0.00","G","999.9","000000"
"72365023050","2024-02-24","35.04189","-106.61545","1618.4","ALBUQUERQUE INTERNATIONAL AIRPORT, NM US","  45.2","24","   9.7","24","1021.1","24","841.5","24"," 10.0","24","  4.1","24","  8.0","999.9","  63.0"," ","  28.9"," "," 0.00","G","999.9","000000"
"72365023050","2024-02-25","35.04189","-106.61545","1618.4","ALBUQUERQUE INTERNATIONAL AIRPORT, NM US","  49.7","24","  16.6","24","1018.4","24","840.0","24"," 10.0","24","  4.2","24"," 15.9"," 25.1","  66.9"," ","  28.9"," "," 0.00","G","999.9","000000"
"72365023050","2024-02-26","35.04189","-106.61545","1618.4","ALBUQUERQUE INTERNATIONAL AIRPORT, NM US","  56.7","24","  28.5","24","1013.4","24","837.1","24","  9.3","24"," 11.8","24"," 29.9"," 47.0","  69.1"," ","  35.1"," "," 0.00","G","999.9","000000"
"72365023050","2024-02-27","35.04189","-106.61545","1618.4","ALBUQUERQUE INTERNATIONAL AIRPORT, NM US","  54.9","24","  31.6","24","1005.0","24","830.3","24","  8.7","24"," 19.3","24"," 41.0"," 55.0","  69.1"," ","  44.1"," "," 0.00","G","999.9","000000"
"72365023050","2024-02-28","35.04189","-106.61545","1618.4","ALBUQUERQUE INTERNATIONAL AIRPORT, NM US","  45.8","24","  12.9","24","1015.5","24","837.7","24"," 10.0","24","  9.9","24"," 22.0"," 32.1","  62.1"," ","  33.1"," "," 0.00","G","999.9","000000"
"72365023050","2024-02-29","35.04189","-106.61545","1618.4","ALBUQUERQUE INTERNATIONAL AIRPORT, NM US","  43.3","24","  19.6","24","1018.0","24","838.7","24"," 10.0","24","  6.7","24"," 20.0","999.9","  57.9"," ","  33.1"," "," 0.00","G","999.9","000000"
"72365023050","2024-03-01","35.04189","-106.61545","1618.4","ALBUQUERQUE INTERNATIONAL AIRPORT, NM US","  46.6","24","  29.3","24","1016.8","24","838.0","24"," 10.0","24","  6.3","24"," 13.0"," 17.1","  66.9"," ","  33.1"," "," 0.00","G","999.9","000000"
"72365023050","2024-03-02","35.04189","-106.61545","1618.4","ALBUQUERQUE INTERNATIONAL AIRPORT, NM US","  50.1","24","  13.4","24","1013.5","24","836.2","24"," 10.0","24","  7.4","24"," 15.9"," 29.9","  69.1"," ","  33.1"," "," 0.00","G","999.9","000000"
"72365023050","2024-03-03","35.04189","-106.61545","1618.4","ALBUQUERQUE INTERNATIONAL AIRPORT, NM US","  54.7","24","  11.1","24","1006.5","24","831.1","24"," 10.0","24"," 13.1","24"," 25.1"," 31.1","  69.1"," ","  33.1"," "," 0.00","G","999.9","000000"
"72365023050","2024-03-04","35.04189","-106.61545","1618.4","ALBUQUERQUE INTERNATIONAL AIRPORT, NM US","  52.5","24","  22.0","24","1007.8","24","832.2","24"," 10.0","24","  8.4","24"," 25.1"," 28.0","  69.1"," ","  37.0"," "," 0.00","G","999.9","000000"
"72365023050","2024-03-05","35.04189","-106.61545","1618.4","ALBUQUERQUE INTERNATIONAL AIRPORT, NM US","  49.8","24","  19.9","24","1011.8","24","834.9","24"," 10.0","24","  4.9","24"," 15.0","999.9","  64.0"," ","  34.0"," "," 0.00","G","999.9","000000"
"72365023050","2024-03-06","35.04189","-106.61545","1618.4","ALBUQUERQUE INTERNATIONAL AIRPORT, NM US","  49.6","24","  15.7","24","1010.6","24","833.8","24"," 10.0","24","  3.4","24"," 11.1","999.9","  64.0"," ","  34.0"," "," 0.00","G","999.9","000000"
"72365023050","2024-03-07","35.04189","-106.61545","1618.4","ALBUQUERQUE INTERNATIONAL AIRPORT, NM US","  50.0","24","  15.8","24","1005.7","23","829.7","24"," 10.0","24","  7.3","24"," 17.1"," 35.0","  60.1"," ","  37.0"," "," 0.00","G","999.9","000000"
"72365023050","2024-03-08","35.04189","-106.61545","1618.4","ALBUQUERQUE INTERNATIONAL AIRPORT, NM US","  40.5","24","  28.9","24","1011.4","24","833.0","24","  9.8","24","  4.9","24"," 18.1"," 22.9","  57.9"," ","  32.0"," "," 0.00","G","999.9","011000"
"72365023050","2024-03-09","35.04189","-106.61545","1618.4","ALBUQUERQUE INTERNATIONAL AIRPORT, NM US","  38.6","24","  27.1","24","1022.0","21","840.8","24","  9.0","24"," 10.5","24"," 19.0"," 28.9","  51.1"," ","  32.0"," "," 0.04","G","999.9","111000"
"72365023050","2024-03-10","35.04189","-106.61545","1618.4","ALBUQUERQUE INTERNATIONAL AIRPORT, NM US","  42.2","24","  23.6","24","1021.9","24","841.4","24"," 10.0","24","  2.7","24","  7.0","999.9","  57.9"," ","  28.9"," "," 0.00","G","999.9","000000"
"72365023050","2024-03-11","35.04189","-106.61545","1618.4","ALBUQUERQUE INTERNATIONAL AIRPORT, NM US","  46.8","24","  16.9","24","1017.7","24","838.9","24"," 10.0","24","  4.5","24","  8.9","999.9","  61.0"," ","  28.9"," "," 0.00","G","999.9","000000"
"72365023050","2024-03-12","35.04189","-106.61545","1618.4","ALBUQUERQUE INTERNATIONAL AIRPORT, NM US","  51.6","24","  20.6","24","1013.5","24","836.4","24"," 10.0","24","  5.8","24"," 13.0"," 20.0","  69.1"," ","  34.0"," "," 0.00","G","999.9","000000"
"72365023050","2024-03-13","35.04189","-106.61545","1618.4","ALBUQUERQUE INTERNATIONAL AIRPORT, NM US","  53.9","24","  24.0","24","1006.9","24","831.6","24"," 10.0","24"," 11.1","24"," 19.0"," 28.0","  69.1"," ","  36.0"," "," 0.00","G","999.9","000000"
"72365023050","2024-03-14","35.04189","-106.61545","1618.4","ALBUQUERQUE INTERNATIONAL AIRPORT, NM US","  44.6","24","  28.2","24","1008.9","24","831.6","24"," 10.0","24","  5.8","24"," 14.0"," 17.1","  57.0"," ","  32.0"," "," 0.00","G","999.9","000000"
"72365023050","2024-03-15","35.04189","-106.61545","1618.4","ALBUQUERQUE INTERNATIONAL AIRPORT, NM US","  44.2","24","  29.5","24","1014.3","24","835.8","24","  9.2","24"," 28.1","24"," 40.0"," 53.0","  57.0"," ","  32.0"," "," 0.00","G","999.9","010000"
"72365023050","2024-03-16","35.04189","-106.61545","1618.4","ALBUQUERQUE INTERNATIONAL AIRPORT, NM US","  42.2","24","  32.5","24","1016.1","23","836.9","24"," 10.0","24"," 15.3","24"," 28.0"," 42.0","  53.1"," ","  37.9"," "," 0.00","G","999.9","010000"
"72365023050","2024-03-17","35.04189","-106.61545","1618.4","ALBUQUERQUE INTERNATIONAL AIRPORT, NM US","  43.0","24","  35.3","24","1016.2","20","837.3","24","  9.6","24"," 13.2","24"," 28.9"," 35.9","  53.1"," ","  37.0"," "," 0.20","G","999.9","010000"
"72365023050","2024-03-18","35.04189","-106.61545","1618.4","ALBUQUERQUE INTERNATIONAL AIRPORT, NM US","  45.2","24","  30.9","24","1021.4","23","841.6","24","  9.8","24"," 17.3","24"," 28.9"," 46.0","  55.0"," ","  37.0"," "," 0.10","G","999.9","010000"
"72365023050","2024-03-19","35.04189","-106.61545","1618.4","ALBUQUERQUE INTERNATIONAL AIRPORT, NM US","  47.2","24","  30.6","24","1019.3","24","840.5","24"," 10.0","24","  6.2","24"," 13.0"," 20.0","  60.1"," ","  37.9"," "," 0.00","G","999.9","000000"
"72365023050","2024-03-20","35.04189","-106.61545","1618.4","ALBUQUERQUE INTERNATIONAL AIRPORT, NM US","  47.9","24","  31.9","24","1015.2","24","837.3","24"," 10.0","24","  4.2","24"," 12.0"," 19.0","  61.0"," ","  36.0"," "," 0.00","G","999.9","000000"
"72365023050","2024-03-21","35.04189","-106.61545","1618.4","ALBUQUERQUE INTERNATIONAL AIRPORT, NM US","  51.5","24","  27.8","24","1012.5","24","835.5","24"," 10.0","24","  5.1","24"," 19.0"," 26.0","  68.0"," ","  36.0"," "," 0.00","G","999.9","000000"
"72365023050","2024-03-22","35.04189","-106.61545","1618.4","ALBUQUERQUE INTERNATIONAL AIRPORT, NM US","  55.0","24","  22.0","24","1014.4","24","837.9","24"," 10.0","24","  5.4","24"," 19.0","999.9","  69.1"," ","  37.0"," "," 0.00","G","999.9","000000"
"72365023050","2024-03-23","35.04189","-106.61545","1618.4","ALBUQUERQUE INTERNATIONAL AIRPORT, NM US","  55.6","24","  23.3","24","1011.3","24","835.5","24"," 10.0","24","  4.8","24"," 11.1"," 17.1","  69.1"," ","  37.0"," "," 0.00","G","999.9","000000"
"72365023050","2024-03-24","35.04189","-106.61545","1618.4","ALBUQUERQUE INTERNATIONAL AIRPORT, NM US","  49.9","24","  24.8","24"," 997.2","23","823.0","24","  9.8","24"," 12.4","24"," 28.9"," 40.0","  64.9"," ","  37.9"," "," 0.00","G","999.9","010000"
"72365023050","2024-03-25","35.04189","-106.61545","1618.4","ALBUQUERQUE INTERNATIONAL AIRPORT, NM US","  41.6","24","  23.1","24"," 998.8","23","822.6","24","  9.8","24"," 11.0","24"," 21.0"," 34.0","  54.0"," ","  35.1"," "," 0.01","G","999.9","010100"
"72365023050","2024-03-26","35.04189","-106.61545","1618.4","ALBUQUERQUE INTERNATIONAL AIRPORT, NM US","  41.7","24","  24.8","24","1007.3","23","829.6","24","  9.8","24","  7.6","24"," 21.0"," 29.9","  51.1"," ","  35.1"," "," 0.01","G","999.9","011000"
"72365023050","2024-03-27","35.04189","-106.61545","1618.4","ALBUQUERQUE INTERNATIONAL AIRPORT, NM US","  40.3","24","  23.0","24","1016.8","24","836.8","24"," 10.0","24","  7.7","24"," 20.0"," 34.0","  55.0","*","  30.0","*"," 0.01","G","999.9","000000"
"72365023050","2024-03-28","35.04189","-106.61545","1618.4","ALBUQUERQUE INTERNATIONAL AIRPORT, NM US","  47.7","24","  13.3","24","1018.5","24","839.6","24"," 10.0","24","  4.9","24"," 11.1"," 21.0","  66.0","*","  30.9","*"," 0.00","G","999.9","000000"
"72365023050","2024-03-29","35.04189","-106.61545","1618.4","ALBUQUERQUE INTERNATIONAL AIRPORT, NM US","  58.0","24","  18.7","24","1008.7","24","833.4","24"," 10.0","24","  7.7","23"," 15.0"," 26.0","  72.0","*","  46.9","*"," 0.00","G","999.9","000000"
"72365023050","2024-03-30","35.04189","-106.61545","1618.4","ALBUQUERQUE INTERNATIONAL AIRPORT, NM US","  57.5","24","  19.1","24","1008.3","24","833.3","24"," 10.0","24","  6.3","24"," 17.1"," 33.0","  73.0","*","  42.1","*"," 0.00","G","999.9","000000"
"72365023050","2024-03-31","35.04189","-106.61545","1618.4","ALBUQUERQUE INTERNATIONAL AIRPORT, NM US","  58.7","24","  15.8","24","1003.6","24","829.6","24"," 10.0","24"," 13.1","24"," 28.0"," 41.0","  71.1","*","  44.1","*"," 0.00","G","999.9","000000"
"72365023050","2024-04-01","35.04189","-106.61545","1618.4","ALBUQUERQUE INTERNATIONAL AIRPORT, NM US","  43.2","24","  33.2","24","1006.2","14","830.2","24","  8.7","24"," 11.1","24"," 20.0"," 31.1","  63.0","*","  36.0","*"," 0.07","G","999.9","010110"
"72365023050","2024-04-02","35.04189","-106.61545","1618.4","ALBUQUERQUE INTERNATIONAL AIRPORT, NM US","  42.8","24","  31.0","24","1016.7","24","837.1","24"," 10.0","24","  4.7","24","  8.9","999.9","  60.1"," ","  33.1"," "," 0.15","G","999.9","000000"
"72365023050","2024-04-03","35.04189","-106.61545","1618.4","ALBUQUERQUE INTERNATIONAL AIRPORT, NM US","  51.0","24","  24.5","24","1019.6","24","841.1","24"," 10.0","24","  5.0","24","  9.9","999.9","  68.0"," ","  33.1"," "," 0.00","G","999.9","000000"
"72365023050","2024-04-04","35.04189","-106.61545","1618.4","ALBUQUERQUE INTERNATIONAL AIRPORT, NM US","  56.6","24","  22.3","24","1013.2","24","837.1","24"," 10.0","24","  7.1","24"," 19.0"," 25.1","  73.9"," ","  37.0"," "," 0.00","G","999.9","000000"
"72365023050","2024-04-05","35.04189","-106.61545","1618.4","ALBUQUERQUE INTERNATIONAL AIRPORT, NM US","  60.4","24","  14.4","24","1007.0","24","832.6","24"," 10.0","24"," 12.1","24"," 28.9"," 39.0","  73.9"," ","  41.0"," "," 0.00","G","999.9","000000"
"72365023050","2024-04-06","35.04189","-106.61545","1618.4","ALBUQUERQUE INTERNATIONAL AIRPORT, NM US","  49.2","24","  20.2","24","1005.6","24","830.5","24","  9.3","24"," 22.6","24"," 32.1"," 42.9","  73.9"," ","  35.1"," "," 0.00","G","999.9","000000"
"72365023050","2024-04-07","35.04189","-106.61545","1618.4","ALBUQUERQUE INTERNATIONAL AIRPORT, NM US","  45.2","24","  10.6","24","1014.8","24","836.1","24"," 10.0","24","  9.5","24"," 24.1"," 28.9","  62.1"," ","  32.0"," "," 0.00","G","999.9","000000"
"72365023050","2024-04-08","35.04189","-106.61545","1618.4","ALBUQUERQUE INTERNATIONAL AIRPORT, NM US","  50.3","24","  12.7","24","1008.9","24","832.5","24"," 10.0","24","  5.8","24"," 20.0"," 31.1","  64.0"," ","  32.0"," "," 0.00","G","999.9","000000"
"72365023050","2024-04-09","35.04189","-106.61545","1618.4","ALBUQUERQUE INTERNATIONAL AIRPORT, NM US","  53.0","24","  21.5","24","1009.4","24","833.4","24"," 10.0","24"," 17.2","24"," 28.9"," 41.0","  64.0"," ","  37.0"," "," 0.00","G","999.9","000000"
"72365023050","2024-04-10","35.04189","-106.61545","1618.4","ALBUQUERQUE INTERNATIONAL AIRPORT, NM US","  50.3","24","  23.2","24","1015.1","24","837.5","24"," 10.0","24","  5.8","24"," 14.0"," 22.9","  69.1","*","  37.0","*"," 0.00","G","999.9","000000"
"72365023050","2024-04-11","35.04189","-106.61545","1618.4","ALBUQUERQUE INTERNATIONAL AIRPORT, NM US","  57.8","24","  18.2","24","1015.9","24","839.5","24"," 10.0","24","  7.0","24"," 17.1"," 24.1","  71.1"," ","  37.0"," "," 0.00","G","999.9","000000"
"72365023050","2024-04-12","35.04189","-106.61545","1618.4","ALBUQUERQUE INTERNATIONAL AIRPORT, NM US","  61.2","24","  17.0","24","1014.3","24","838.7","24"," 10.0","24","  7.3","24"," 22.9"," 34.0","  81.0"," ","  42.1"," "," 0.00","G","999.9","000000"
"72365023050","2024-04-13","35.04189","-106.61545","1618.4","ALBUQUERQUE INTERNATIONAL AIRPORT, NM US","  64.0","24","  18.3","24","1013.5","24","838.8","24"," 10.0","24","  8.8","24"," 22.0"," 29.9","  81.0"," ","  45.0"," "," 0.00","G","999.9","000000"
"72365023050","2024-04-14","35.04189","-106.61545","1618.4","ALBUQUERQUE INTERNATIONAL AIRPORT, NM US","  61.6","24","  14.0","24","1013.3","24","838.2","24"," 10.0","24","  5.8","24"," 11.1"," 19.0","  77.0"," ","  46.0"," "," 0.00","G","999.9","000000"
"72365023050","2024-04-15","35.04189","-106.61545","1618.4","ALBUQUERQUE INTERNATIONAL AIRPORT, NM US","  60.1","24","   8.9","24","1006.4","24","832.4","24","  9.9","24"," 12.4","24"," 31.1"," 44.1","  77.0"," ","  42.1"," "," 0.00","G","999.9","000000"
"72365023050","2024-04-16","35.04189","-106.61545","1618.4","ALBUQUERQUE INTERNATIONAL AIRPORT, NM US","  53.8","24","  20.5","24","1011.4","24","835.3","24"," 10.0","24"," 10.5","24"," 26.0"," 34.0","  73.0"," ","  37.0"," "," 0.00","G","999.9","000000"
"72365023050","2024-04-17","35.04189","-106.61545","1618.4","ALBUQUERQUE INTERNATIONAL AIRPORT, NM US","  60.9","24","  21.8","24","1012.6","24","837.3","24"," 10.0","24","  5.9","24"," 19.0"," 28.9","  80.1"," ","  37.0"," "," 0.00","G","999.9","000000"
"72365023050","2024-04-18","35.04189","-106.61545","1618.4","ALBUQUERQUE INTERNATIONAL AIRPORT, NM US","  66.4","24","  21.1","24","1010.8","24","836.7","24"," 10.0","24","  8.0","24"," 19.0"," 24.1","  80.1"," ","  41.0"," "," 0.00","G","999.9","000000"
"72365023050","2024-04-19","35.04189","-106.61545","1618.4","ALBUQUERQUE INTERNATIONAL AIRPORT, NM US","  62.9","24","  28.9","24","1011.8","24","837.3","24","  9.7","24"," 11.1","24"," 27.0"," 35.0","  79.0"," ","  48.0"," "," 0.00","G","999.9","000000"
"72365023050","2024-04-20","35.04189","-106.61545","1618.4","ALBUQUERQUE INTERNATIONAL AIRPORT, NM US","  62.2","24","  31.7","24","1011.5","23","836.9","24","  9.5","24"," 15.6","24"," 31.1"," 45.1","  79.0"," ","  48.0"," "," 0.00","G","999.9","000000"
"72365023050","2024-04-21","35.04189","-106.61545","1618.4","ALBUQUERQUE INTERNATIONAL AIRPORT, NM US","  57.1","24","  36.0","24","1017.5","24","841.0","24"," 10.0","24"," 12.6","24"," 22.0"," 41.0","  73.0"," ","  45.0"," "," 0.00","G","999.9","000010"
"72365023050","2024-04-22","35.04189","-106.61545","1618.4","ALBUQUERQUE INTERNATIONAL AIRPORT, NM US","  62.0","24","  35.7","24","1014.3","24","838.8","24"," 10.0","24","  7.0","24"," 15.9"," 24.1","  80.1"," ","  45.0"," "," 0.00","G","999.9","000000"
"72365023050","2024-04-23","35.04189","-106.61545","1618.4","ALBUQUERQUE INTERNATIONAL AIRPORT, NM US","  69.2","24","  28.5","24","1009.3","24","835.9","24"," 10.0","24","  7.3","24"," 15.0"," 22.0","  82.9"," ","  48.0"," "," 0.00","G","999.9","000000"
"72365023050","2024-04-24","35.04189","-106.61545","1618.4","ALBUQUERQUE INTERNATIONAL AIRPORT, NM US","  68.4","24","  31.0","24","1011.2","24","837.6","24"," 10.0","24","  8.7","24"," 24.1"," 32.1","  82.9"," ","  51.1"," "," 0.00","G","999.9","000000"
"72365023050","2024-04-25","35.04189","-106.61545","1618.4","ALBUQUERQUE INTERNATIONAL AIRPORT, NM US","  64.8","24","  22.5","24","1007.6","24","834.1","24"," 10.0","24","  8.7","24"," 24.1"," 36.9","  79.0"," ","  50.0"," "," 0.00","G","999.9","000000"
"72365023050","2024-04-26","35.04189","-106.61545","1618.4","ALBUQUERQUE INTERNATIONAL AIRPORT, NM US","  58.2","24","  28.9","24","1005.1","24","831.0","24"," 10.0","24"," 10.6","24"," 22.9"," 32.1","  73.9"," ","  46.9"," "," 0.00","G","999.9","000000"
"72365023050","2024-04-27","35.04189","-106.61545","1618.4","ALBUQUERQUE INTERNATIONAL AIRPORT, NM US","  54.9","24","  28.1","24","1003.4","24","829.2","24","  9.8","24"," 10.7","24"," 22.0"," 33.0","  70.0"," ","  45.0"," "," 0.00","G","999.9","010100"
"72365023050","2024-04-28","35.04189","-106.61545","1618.4","ALBUQUERQUE INTERNATIONAL AIRPORT, NM US","  50.1","24","  36.1","24","1011.3","24","834.3","24"," 10.0","24","  6.7","24"," 14.0"," 28.9","  69.1"," ","  37.9"," "," 0.11","G","999.9","010000"
"72365023050","2024-04-29","35.04189","-106.61545","1618.4","ALBUQUERQUE INTERNATIONAL AIRPORT, NM US","  57.5","24","  31.7","24","1012.4","24","836.5","24"," 10.0","24","  5.2","24"," 15.0"," 20.0","  75.0"," ","  37.9"," "," 0.00","G","999.9","000000"
"72365023050","2024-04-30","35.04189","-106.61545","1618.4","ALBUQUERQUE INTERNATIONAL AIRPORT, NM US","  64.2","24","  25.3","24","1008.6","24","834.4","24"," 10.0","24","  6.8","24"," 14.0"," 19.0","  80.1"," ","  39.9"," "," 0.00","G","999.9","000000"
"72365023050","2024-05-01","35.04189","-106.61545","1618.4","ALBUQUERQUE INTERNATIONAL AIRPORT, NM US","  67.2","23","  21.4","23","1005.1","23","832.2","23"," 10.0","23","  6.0","23"," 19.0"," 26.0","  82.0","*","  51.1","*"," 0.00","G","999.9","000000"
"72365023050","2024-05-02","35.04189","-106.61545","1618.4","ALBUQUERQUE INTERNATIONAL AIRPORT, NM US","  67.5","24","  24.4","24","1005.0","24","832.3","24"," 10.0","24","  6.1","24"," 15.0"," 22.9","  82.0"," ","  50.0"," "," 0.00","G","999.9","000000"
"72365023050","2024-05-03","35.04189","-106.61545","1618.4","ALBUQUERQUE INTERNATIONAL AIRPORT, NM US","  65.2","24","  16.0","24","1007.0","24","833.6","24"," 10.0","24","  6.8","24"," 14.0"," 22.0","  81.0"," ","  46.9"," "," 0.00","G","999.9","000000"
"72365023050","2024-05-04","35.04189","-106.61545","1618.4","ALBUQUERQUE INTERNATIONAL AIRPORT, NM US","  65.6","24","  25.6","24","1007.6","24","834.2","24","  9.7","24"," 12.3","24"," 28.9"," 42.0","  81.0"," ","  46.9"," "," 0.00","G","999.9","000000"
"72365023050","2024-05-05","35.04189","-106.61545","1618.4","ALBUQUERQUE INTERNATIONAL AIRPORT, NM US","  64.8","24","  38.4","24","1006.6","24","833.3","24"," 10.0","24"," 12.2","24"," 25.1"," 34.0","  80.1"," ","  50.0"," "," 0.00","G","999.9","010000"
"72365023050","2024-05-06","35.04189","-106.61545","1618.4","ALBUQUERQUE INTERNATIONAL AIRPORT, NM US","  64.1","24","  17.6","24","1003.5","24","830.8","24"," 10.0","24"," 14.5","24"," 24.1"," 35.0","  80.1"," ","  48.0"," "," 0.00","G","999.9","000000"
"72365023050","2024-05-07","35.04189","-106.61545","1618.4","ALBUQUERQUE INTERNATIONAL AIRPORT, NM US","  59.8","24","  10.9","24","1006.7","24","832.2","24"," 10.0","24"," 11.8","24"," 32.1"," 40.0","  80.1"," ","  41.0"," "," 0.00","G","999.9","000000"
"72365023050","2024-05-08","35.04189","-106.61545","1618.4","ALBUQUERQUE INTERNATIONAL AIRPORT, NM US","  62.9","24","  13.9","24","1002.8","24","829.9","24"," 10.0","24"," 11.3","24"," 20.0"," 29.9","  80.1"," ","  41.0"," "," 0.00","G","999.9","000000"
"72365023050","2024-05-09","35.04189","-106.61545","1618.4","ALBUQUERQUE INTERNATIONAL AIRPORT, NM US","  62.8","24","  18.5","24","1006.7","24","832.8","24"," 10.0","24","  8.8","24"," 22.0"," 29.9","  77.0"," ","  50.0"," "," 0.00","G","999.9","000000"
"72365023050","2024-05-10","35.04189","-106.61545","1618.4","ALBUQUERQUE INTERNATIONAL AIRPORT, NM US","  61.6","24","  34.5","24","1012.6","24","837.6","24","  9.8","24"," 21.5","24"," 31.1"," 42.9","  77.0"," ","  50.0"," "," 0.00","G","999.9","000000"
"72365023050","2024-05-11","35.04189","-106.61545","1618.4","ALBUQUERQUE INTERNATIONAL AIRPORT, NM US","  61.3","24","  43.5","24","1009.4","23","834.8","24","  9.7","24"," 20.3","24"," 31.1"," 46.0","  73.9"," ","  51.1"," "," 0.00","G","999.9","010010"
"72365023050","2024-05-12","35.04189","-106.61545","1618.4","ALBUQUERQUE INTERNATIONAL AIRPORT, NM US","  59.1","24","  37.5","24","1008.2","23","833.8","24"," 10.0","24","  7.7","24"," 18.1"," 28.0","  73.9"," ","  42.1"," "," 0.00","G","999.9","000000"
"72365023050","2024-05-13","35.04189","-106.61545","1618.4","ALBUQUERQUE INTERNATIONAL AIRPORT, NM US","  64.5","24","  34.3","24","1009.5","24","835.3","24"," 10.0","24","  6.0","24"," 13.0"," 18.1","  80.1"," ","  42.1"," "," 0.00","G","999.9","000000"
"72365023050","2024-05-14","35.04189","-106.61545","1618.4","ALBUQUERQUE INTERNATIONAL AIRPORT, NM US","  69.6","24","  29.8","24","1008.2","24","835.1","24"," 10.0","24","  4.6","24"," 14.0"," 36.9","  82.0"," ","  50.0"," "," 0.00","G","999.9","000000"
"72365023050","2024-05-15","35.04189","-106.61545","1618.4","ALBUQUERQUE INTERNATIONAL AIRPORT, NM US","  68.3","24","  32.0","24","1006.8","24","833.9","24"," 10.0","24","  6.3","24"," 20.0"," 28.9","  82.0"," ","  52.0"," "," 0.00","G","999.9","000000"
"72365023050","2024-05-16","35.04189","-106.61545","1618.4","ALBUQUERQUE INTERNATIONAL AIRPORT, NM US","  60.1","24","  43.0","24","1008.7","24","834.7","24","  9.9","24","  9.3","24"," 20.0"," 26.0","  81.0"," ","  48.9"," "," 0.00","G","999.9","010000"
"72365023050","2024-05-17","35.04189","-106.61545","1618.4","ALBUQUERQUE INTERNATIONAL AIRPORT, NM US","  63.4","24","  43.2","24","1009.3","24","834.9","24"," 10.0","24","  4.0","24"," 13.0"," 22.0","  84.9"," ","  48.9"," "," 0.06","G","999.9","000000"
"72365023050","2024-05-18","35.04189","-106.61545","1618.4","ALBUQUERQUE INTERNATIONAL AIRPORT, NM US","  72.1","24","  29.5","24","1008.6","24","835.8","24"," 10.0","24","  5.5","24"," 12.0"," 15.9","  87.1"," ","  50.0"," "," 0.00","G","999.9","000000"
"72365023050","2024-05-19","35.04189","-106.61545","1618.4","ALBUQUERQUE INTERNATIONAL AIRPORT, NM US","  73.5","24","  28.7","24","1008.6","24","836.3","24"," 10.0","24","  9.3","24"," 21.0"," 28.0","  87.1"," ","  55.9"," "," 0.00","G","999.9","000000"
"72365023050","2024-05-20","35.04189","-106.61545","1618.4","ALBUQUERQUE INTERNATIONAL AIRPORT, NM US","  70.9","24","  19.2","24","1007.1","24","835.0","24"," 10.0","24","  6.6","24"," 15.0"," 22.9","  84.9"," ","  50.0"," "," 0.00","G","999.9","000000"
"72365023050","2024-05-21","35.04189","-106.61545","1618.4","ALBUQUERQUE INTERNATIONAL AIRPORT, NM US","  67.0","24","  25.7","24","1007.4","24","834.3","24"," 10.0","24"," 11.2","24"," 25.1"," 40.0","  84.0"," ","  50.0"," "," 0.00","G","999.9","000000"
"72365023050","2024-05-22","35.04189","-106.61545","1618.4","ALBUQUERQUE INTERNATIONAL AIRPORT, NM US","  67.5","24","  23.9","24","1009.0","24","835.6","24"," 10.0","24","  9.0","24"," 24.1"," 29.9","  82.9"," ","  50.0"," "," 0.00","G","999.9","000000"
"72365023050","2024-05-23","35.04189","-106.61545","1618.4","ALBUQUERQUE INTERNATIONAL AIRPORT, NM US","  70.4","24","  12.2","24","1005.8","24","833.3","24"," 10.0","24","  9.4","24"," 20.0"," 29.9","  84.0"," ","  51.1"," "," 0.00","G","999.9","000000"
"72365023050","2024-05-24","35.04189","-106.61545","1618.4","ALBUQUERQUE INTERNATIONAL AIRPORT, NM US","  70.4","24","  15.9","24","1006.2","24","833.7","24"," 10.0","24","  9.8","24"," 19.0"," 26.0","  84.9"," ","  51.1"," "," 0.00","G","999.9","000000"
"72365023050","2024-05-25","35.04189","-106.61545","1618.4","ALBUQUERQUE INTERNATIONAL AIRPORT, NM US","  72.2","24","  15.7","24","1004.4","24","832.4","24"," 10.0","24","  8.8","24"," 28.0"," 40.0","  84.9"," ","  52.0"," "," 0.00","G","999.9","000000"
"72365023050","2024-05-26","35.04189","-106.61545","1618.4","ALBUQUERQUE INTERNATIONAL AIRPORT, NM US","  70.4","24","  24.6","24","1007.9","24","835.2","24"," 10.0","24"," 10.6","24"," 22.9"," 35.9","  84.9"," ","  54.0"," "," 0.00","G","999.9","000000"
"72365023050","2024-05-27","35.04189","-106.61545","1618.4","ALBUQUERQUE INTERNATIONAL AIRPORT, NM US","  71.9","24","  24.4","24","1012.5","24","839.1","24"," 10.0","24","  4.9","24"," 12.0","999.9","  87.1"," ","  54.0"," "," 0.00","G","999.9","000000"
"72365023050","2024-05-28","35.04189","-106.61545","1618.4","ALBUQUERQUE INTERNATIONAL AIRPORT, NM US","  75.3","24","  19.0","24","1011.8","24","839.1","24"," 10.0","24","  5.3","24","  9.9"," 18.1","  90.0"," ","  54.0"," "," 0.00","G","999.9","000000"
"72365023050","2024-05-29","35.04189","-106.61545","1618.4","ALBUQUERQUE INTERNATIONAL AIRPORT, NM US","  73.4","24","  41.4","24","1012.0","24","839.3","24","  9.8","24"," 14.1","24"," 29.9"," 48.0","  90.0"," ","  57.0"," "," 0.00","G","999.9","000000"
"72365023050","2024-05-30","35.04189","-106.61545","1618.4","ALBUQUERQUE INTERNATIONAL AIRPORT, NM US","  75.7","24","  27.2","24","1008.8","24","836.7","24"," 10.0","24","  5.5","24"," 14.0"," 24.1","  88.0"," ","  57.0"," "," 0.00","G","999.9","000000"
"72365023050","2024-05-31","35.04189","-106.61545","1618.4","ALBUQUERQUE INTERNATIONAL AIRPORT, NM US","  76.4","24","  32.0","24","1008.0","24","836.4","24","  9.9","24","  8.3","24"," 27.0"," 35.9","  90.0"," ","  57.0"," "," 0.00","G","999.9","000000"
"72365023050","2024-06-01","35.04189","-106.61545","1618.4","ALBUQUERQUE INTERNATIONAL AIRPORT, NM US","  77.0","24","  32.5","24","1007.6","24","836.0","24"," 10.0","24"," 10.8","24"," 25.1"," 35.0","  90.0"," ","  63.0"," "," 0.00","G","999.9","000000"
"72365023050","2024-06-02","35.04189","-106.61545","1618.4","ALBUQUERQUE INTERNATIONAL AIRPORT, NM US","  77.5","24","  16.6","24","1005.9","24","834.7","24"," 10.0","24","  7.9","24"," 14.0"," 22.9","  91.0"," ","  63.0"," "," 0.00","G","999.9","000000"
"72365023050","2024-06-03","35.04189","-106.61545","1618.4","ALBUQUERQUE INTERNATIONAL AIRPORT, NM US","  75.7","24","  15.3","24","1005.5","24","834.2","24"," 10.0","24","  7.0","24"," 15.0"," 18.1","  91.0"," ","  59.0"," "," 0.00","G","999.9","000000"
"72365023050","2024-06-04","35.04189","-106.61545","1618.4","ALBUQUERQUE INTERNATIONAL AIRPORT, NM US","  79.8","24","  25.6","24","1003.2","24","832.8","24"," 10.0","24","  8.0","24"," 17.1"," 28.0","  93.0"," ","  59.0"," "," 0.00","G","999.9","000000"
"72365023050","2024-06-05","35.04189","-106.61545","1618.4","ALBUQUERQUE INTERNATIONAL AIRPORT, NM US","  81.0","24","  36.0","24","1007.1","24","836.2","24"," 10.0","24","  7.2","24"," 17.1"," 24.1","  95.0"," ","  62.1"," "," 0.00","G","999.9","000000"
"72365023050","2024-06-06","35.04189","-106.61545","1618.4","ALBUQUERQUE INTERNATIONAL AIRPORT, NM US","  83.5","24","  27.7","24","1008.1","24","837.2","24"," 10.0","24","  4.8","24","  8.9","999.9"," 100.0"," ","  61.0"," "," 0.00","G","999.9","000000"
"72365023050","2024-06-07","35.04189","-106.61545","1618.4","ALBUQUERQUE INTERNATIONAL AIRPORT, NM US","  85.5","24","  37.8","24","1006.8","24","836.5","24","  9.6","24"," 11.0","24"," 27.0"," 42.0"," 100.0"," ","  61.0"," "," 0.00","G","999.9","000000"
"72365023050","2024-06-08","35.04189","-106.61545","1618.4","ALBUQUERQUE INTERNATIONAL AIRPORT, NM US","  81.6","24","  37.0","24","1007.5","24","836.7","24"," 10.0","24","  5.5","24"," 14.0"," 21.0"," 100.0"," ","  68.0"," "," 0.00","G","999.9","000000"
"72365023050","2024-06-09","35.04189","-106.61545","1618.4","ALBUQUERQUE INTERNATIONAL AIRPORT, NM US","  81.8","24","  34.5","24","1007.0","22","836.5","24"," 10.0","24","  8.4","24"," 18.1"," 25.1","  97.0"," ","  68.0"," "," 0.00","G","999.9","010010"
"72365023050","2024-06-10","35.04189","-106.61545","1618.4","ALBUQUERQUE INTERNATIONAL AIRPORT, NM US","  65.4","24","  53.6","24","1014.2","24","840.2","24","  9.2","24","  8.3","24"," 28.0"," 38.1","  89.1"," ","  59.0"," "," 0.01","G","999.9","010010"
"72365023050","2024-06-11","35.04189","-106.61545","1618.4","ALBUQUERQUE INTERNATIONAL AIRPORT, NM US","  72.3","24","  50.7","24","1013.0","24","839.1","24"," 10.0","24","  4.2","24","  8.9","999.9","  91.9"," ","  59.0"," "," 0.18","G","999.9","000000"
"72365023050","2024-06-12","35.04189","-106.61545","1618.4","ALBUQUERQUE INTERNATIONAL AIRPORT, NM US","  79.3","24","  45.9","24","1011.7","24","839.6","24"," 10.0","24","  5.5","24"," 21.0"," 34.0","  99.0"," ","  62.1"," "," 0.00","G","999.9","000000"
"72365023050","2024-06-13","35.04189","-106.61545","1618.4","ALBUQUERQUE INTERNATIONAL AIRPORT, NM US","  86.5","24","  31.1","24","1009.9","24","839.0","24"," 10.0","24","  4.6","24","  8.9","999.9"," 100.9"," ","  63.0"," "," 0.00","G","999.9","000000"
"72365023050","2024-06-14","35.04189","-106.61545","1618.4","ALBUQUERQUE INTERNATIONAL AIRPORT, NM US","  82.5","24","  38.7","24","1010.3","24","839.4","24"," 10.0","24"," 12.1","24"," 24.1"," 33.0"," 100.9"," ","  66.9"," "," 0.00","G","999.9","000000"
"72365023050","2024-06-15","35.04189","-106.61545","1618.4","ALBUQUERQUE INTERNATIONAL AIRPORT, NM US","  70.3","24","  49.7","24","1011.4","24","838.2","24"," 10.0","24","  7.7","24"," 22.0"," 29.9","  93.0"," ","  57.0"," "," 0.01","G","999.9","010000"
"72365023050","2024-06-16","35.04189","-106.61545","1618.4","ALBUQUERQUE INTERNATIONAL AIRPORT, NM US","  81.5","24","  36.4","24","1004.4","24","833.8","24"," 10.0","24","  4.3","24","  8.9","999.9","  97.0"," ","  57.0"," "," 0.00","G","999.9","000000"
"72365023050","2024-06-17","35.04189","-106.61545","1618.4","ALBUQUERQUE INTERNATIONAL AIRPORT, NM US","  83.6","24","  24.4","24"," 999.9","24","830.6","24","  9.6","24","  5.8","24"," 17.1"," 25.1","  97.0"," ","  64.9"," "," 0.00","G","999.9","000000"
"72365023050","2024-06-18","35.04189","-106.61545","1618.4","ALBUQUERQUE INTERNATIONAL AIRPORT, NM US","  82.4","24","  25.1","24"," 999.8","24","830.5","24"," 10.0","24","  8.5","24"," 15.9"," 26.0","  97.0"," ","  64.0"," "," 0.00","G","999.9","000000"
"72365023050","2024-06-19","35.04189","-106.61545","1618.4","ALBUQUERQUE INTERNATIONAL AIRPORT, NM US","  80.4","24","  36.4","24","1005.6","24","834.8","24","  9.9","24"," 13.3","24"," 31.1"," 42.9","  93.0"," ","  64.0"," "," 0.00","G","999.9","010010"
"72365023050","2024-06-20","35.04189","-106.61545","1618.4","ALBUQUERQUE INTERNATIONAL AIRPORT, NM US","  77.1","24","  55.8","24","1012.5","24","840.2","24","  9.7","24"," 19.8","24"," 32.1"," 49.9","  91.0"," ","  64.9"," "," 0.00","G","999.9","000000"
"72365023050","2024-06-21","35.04189","-106.61545","1618.4","ALBUQUERQUE INTERNATIONAL AIRPORT, NM US","  75.6","24","  57.6","24","1013.9","24","841.2","24"," 10.0","24"," 14.1","24"," 22.9"," 31.1","  90.0"," ","  70.0"," "," 0.00","G","999.9","000000"
"72365023050","2024-06-22","35.04189","-106.61545","1618.4","ALBUQUERQUE INTERNATIONAL AIRPORT, NM US","  71.2","24","  60.3","24","1016.1","22","842.6","24","  9.8","24","  5.8","24"," 18.1","999.9","  82.9"," ","  64.0"," "," 0.13","G","999.9","010010"
"72365023050","2024-06-23","35.04189","-106.61545","1618.4","ALBUQUERQUE INTERNATIONAL AIRPORT, NM US","  75.2","24","  58.0","24","1015.2","24","841.7","24"," 10.0","24","  4.9","24"," 11.1"," 18.1","  88.0"," ","  64.0"," "," 0.15","G","999.9","000000"
"72365023050","2024-06-24","35.04189","-106.61545","1618.4","ALBUQUERQUE INTERNATIONAL AIRPORT, NM US","  81.3","24","  52.8","24","1011.5","24","839.7","24"," 10.0","24","  5.3","24"," 18.1"," 29.9","  95.0"," ","  68.0"," "," 0.00","G","999.9","010010"
"72365023050","2024-06-25","35.04189","-106.61545","1618.4","ALBUQUERQUE INTERNATIONAL AIRPORT, NM US","  80.3","24","  56.0","24","1010.1","24","838.7","24"," 10.0","24","  4.2","24"," 15.0"," 24.1"," 100.0"," ","  70.0"," "," 0.20","G","999.9","010010"
"72365023050","2024-06-26","35.04189","-106.61545","1618.4","ALBUQUERQUE INTERNATIONAL AIRPORT, NM US","  85.9","24","  50.8","24","1009.1","24","838.4","24"," 10.0","24","  5.1","24"," 13.0"," 15.9"," 100.0"," ","  70.0"," "," 0.00","G","999.9","000000"
"72365023050","2024-06-27","35.04189","-106.61545","1618.4","ALBUQUERQUE INTERNATIONAL AIRPORT, NM US","  80.3","24","  57.0","24","1009.3","23","838.2","24"," 10.0","24","  8.1","24"," 27.0"," 35.9"," 100.0"," ","  69.1"," "," 0.02","G","999.9","010010"
"72365023050","2024-06-28","35.04189","-106.61545","1618.4","ALBUQUERQUE INTERNATIONAL AIRPORT, NM US","  74.3","24","  58.1","24","1009.1","24","836.8","24"," 10.0","24","  4.7","24"," 14.0"," 17.1","  91.9"," ","  64.0"," "," 0.01","G","999.9","000000"
"72365023050","2024-06-29","35.04189","-106.61545","1618.4","ALBUQUERQUE INTERNATIONAL AIRPORT, NM US","  81.6","24","  48.8","24","1009.4","24","838.1","24"," 10.0","24","  5.8","24"," 17.1"," 25.1","  97.0"," ","  64.0"," "," 0.00","G","999.9","000000"
"72365023050","2024-06-30","35.04189","-106.61545","1618.4","ALBUQUERQUE INTERNATIONAL AIRPORT, NM US","  75.2","24","  61.3","24","1016.3","18","843.1","24","  9.6","24","  9.8","24"," 34.0"," 62.9","  97.0"," ","  62.1"," "," 1.49","G","999.9","010010"
"72365023050","2024-07-01","35.04189","-106.61545","1618.4","ALBUQUERQUE INTERNATIONAL AIRPORT, NM US","  79.3","24","  56.7","24","1013.4","20","841.1","24"," 10.0","24","  8.7","24"," 19.0"," 33.0","  91.9"," ","  66.0"," "," 0.01","G","999.9","010010"
"72365023050","2024-07-02","35.04189","-106.61545","1618.4","ALBUQUERQUE INTERNATIONAL AIRPORT, NM US","  73.3","24","  59.1","24","1012.4","24","839.4","24","  9.9","24","  4.7","24"," 19.0"," 27.0","  90.0"," ","  64.0"," "," 0.04","G","999.9","010000"
"72365023050","2024-07-03","35.04189","-106.61545","1618.4","ALBUQUERQUE INTERNATIONAL AIRPORT, NM US","  72.4","24","  58.1","24","1013.0","23","839.8","24","  9.7","24","  6.4","24"," 22.9"," 34.0","  91.9"," ","  62.1"," "," 0.07","G","999.9","010010"
"72365023050","2024-07-04","35.04189","-106.61545","1618.4","ALBUQUERQUE INTERNATIONAL AIRPORT, NM US","  82.2","24","  47.4","24","1011.0","24","839.4","24"," 10.0","24","  5.9","24"," 18.1"," 26.0","  97.0"," ","  62.1"," "," 0.00","G","999.9","000000"
"72365023050","2024-07-05","35.04189","-106.61545","1618.4","ALBUQUERQUE INTERNATIONAL AIRPORT, NM US","  81.3","24","  42.8","24","1011.8","24","840.3","24","  9.8","24"," 10.6","24"," 22.0"," 33.0","  97.0"," ","  66.0"," "," 0.00","G","999.9","000000"
"72365023050","2024-07-06","35.04189","-106.61545","1618.4","ALBUQUERQUE INTERNATIONAL AIRPORT, NM US","  78.7","24","  49.5","22","1012.2","24","840.2","24"," 10.0","24","  8.5","24"," 21.0"," 31.1","  93.9"," ","  66.0"," "," 0.00","G","999.9","000000"
"72365023050","2024-07-07","35.04189","-106.61545","1618.4","ALBUQUERQUE INTERNATIONAL AIRPORT, NM US","  80.6","24","  25.0","24","1008.8","24","837.7","24"," 10.0","24","  5.5","24"," 15.0"," 22.9","  98.1"," ","  61.0"," "," 0.00","G","999.9","000000"
"72365023050","2024-07-08","35.04189","-106.61545","1618.4","ALBUQUERQUE INTERNATIONAL AIRPORT, NM US","  78.4","24","  46.5","24","1009.4","24","838.0","24","  9.6","24"," 17.7","24"," 31.1"," 42.9","  98.1"," ","  61.0"," "," 0.00","G","999.9","000000"
"72365023050","2024-07-09","35.04189","-106.61545","1618.4","ALBUQUERQUE INTERNATIONAL AIRPORT, NM US","  76.0","24","  49.5","24","1013.5","20","840.8","24"," 10.0","24","  8.7","24"," 22.9"," 28.9","  93.0","*","  62.6","*"," 0.00","G","999.9","000000"
"72365023050","2024-07-10","35.04189","-106.61545","1618.4","ALBUQUERQUE INTERNATIONAL AIRPORT, NM US","  79.9","24","  46.0","24","1013.6","24","841.4","24"," 10.0","24","  7.4","24"," 22.0"," 31.1","  95.0"," ","  64.0"," "," 0.00","G","999.9","000000"
"72365023050","2024-07-11","35.04189","-106.61545","1618.4","ALBUQUERQUE INTERNATIONAL AIRPORT, NM US","  80.6","24","  48.0","24","1014.0","24","842.0","24"," 10.0","24","  7.1","24"," 20.0"," 29.9","  95.0"," ","  66.9"," "," 0.06","G","999.9","010010"
"72365023050","2024-07-12","35.04189","-106.61545","1618.4","ALBUQUERQUE INTERNATIONAL AIRPORT, NM US","  81.8","24","  45.7","24","1014.1","23","842.0","24"," 10.0","24","  4.3","24"," 22.9"," 35.0","  95.0"," ","  66.9"," "," 0.02","G","999.9","010000"
"72365023050","2024-07-13","35.04189","-106.61545","1618.4","ALBUQUERQUE INTERNATIONAL AIRPORT, NM US","  79.1","24","  48.8","24","1015.8","23","843.2","24"," 10.0","24","  5.4","24"," 26.0"," 39.0","  96.1"," ","  64.9"," "," 0.08","G","999.9","010010"
"72365023050","2024-07-14","35.04189","-106.61545","1618.4","ALBUQUERQUE INTERNATIONAL AIRPORT, NM US","  84.9","24","  42.8","24","1014.8","24","843.0","24"," 10.0","24","  4.6","24"," 12.0"," 15.0","  98.1"," ","  64.9"," "," 0.00","G","999.9","000000"
"72365023050","2024-07-15","35.04189","-106.61545","1618.4","ALBUQUERQUE INTERNATIONAL AIRPORT, NM US","  85.1","24","  39.8","24","1012.4","24","841.1","24","  9.9","24","  3.8","24","  8.0","999.9","  99.0"," ","  69.1"," "," 0.00","G","999.9","000000"
"72365023050","2024-07-16","35.04189","-106.61545","1618.4","ALBUQUERQUE INTERNATIONAL AIRPORT, NM US","  87.1","24","  41.3","24","1009.2","24","838.7","24"," 10.0","24","  5.1","24"," 15.9"," 27.0","  99.0"," ","  69.1"," "," 0.00","G","999.9","000000"
"72365023050","2024-07-17","35.04189","-106.61545","1618.4","ALBUQUERQUE INTERNATIONAL AIRPORT, NM US","  84.9","24","  47.5","24","1011.6","24","840.6","24"," 10.0","24"," 12.0","24"," 33.0"," 46.0","  99.0"," ","  71.1"," "," 0.00","G","999.9","010010"
"72365023050","2024-07-18","35.04189","-106.61545","1618.4","ALBUQUERQUE INTERNATIONAL AIRPORT, NM US","  75.6","24","  56.7","24","1017.3","23","844.3","24","  9.9","24","  7.7","24"," 28.9"," 35.0","  96.1"," ","  66.9"," "," 0.24","G","999.9","010010"
"72365023050","2024-07-19","35.04189","-106.61545","1618.4","ALBUQUERQUE INTERNATIONAL AIRPORT, NM US","  77.4","24","  55.0","24","1016.2","23","843.5","24"," 10.0","24","  5.9","24"," 27.0"," 39.0","  95.0"," ","  64.9"," "," 0.00","G","999.9","010010"
"72365023050","2024-07-20","35.04189","-106.61545","1618.4","ALBUQUERQUE INTERNATIONAL AIRPORT, NM US","  79.7","24","  54.5","24","1014.7","23","842.2","24"," 10.0","24","  8.5","24"," 38.1"," 45.1","  95.0"," ","  64.9"," "," 0.00","G","999.9","010010"
"72365023050","2024-07-21","35.04189","-106.61545","1618.4","ALBUQUERQUE INTERNATIONAL AIRPORT, NM US","  73.4","24","  57.8","24","1016.8","20","843.3","24","  9.8","24","  9.5","24"," 38.1"," 41.0","  91.9"," ","  66.0"," "," 0.20","G","999.9","010010"
"72365023050","2024-07-22","35.04189","-106.61545","1618.4","ALBUQUERQUE INTERNATIONAL AIRPORT, NM US","  70.7","24","  55.1","24","1016.7","23","842.7","24","  9.9","24","  8.9","24"," 35.0"," 49.9","  86.0"," ","  62.1"," "," 0.12","G","999.9","010010"
"72365023050","2024-07-23","35.04189","-106.61545","1618.4","ALBUQUERQUE INTERNATIONAL AIRPORT, NM US","  74.9","24","  51.7","24","1016.3","24","842.8","24"," 10.0","24","  7.1","24"," 19.0"," 22.9","  89.6","*","  66.0","*"," 0.00","G","999.9","000000"
"72365023050","2024-07-24","35.04189","-106.61545","1618.4","ALBUQUERQUE INTERNATIONAL AIRPORT, NM US","  78.5","24","  49.1","24","1017.6","22","844.5","24","  9.8","24","  6.8","24"," 28.0"," 42.0","  93.9"," ","  64.9"," "," 0.00","G","999.9","000000"
"72365023050","2024-07-25","35.04189","-106.61545","1618.4","ALBUQUERQUE INTERNATIONAL AIRPORT, NM US","  78.3","24","  54.0","24","1018.0","22","844.9","24","  9.7","24","  7.2","24"," 34.0"," 44.1","  93.9"," ","  66.0"," "," 0.20","G","999.9","010010"
"72365023050","2024-07-26","35.04189","-106.61545","1618.4","ALBUQUERQUE INTERNATIONAL AIRPORT, NM US","  78.9","24","  53.4","24","1013.6","24","841.3","24","  9.8","24","  6.8","24"," 24.1"," 25.1","  93.0"," ","  64.9"," "," 0.00","G","999.9","000010"
"72365023050","2024-07-27","35.04189","-106.61545","1618.4","ALBUQUERQUE INTERNATIONAL AIRPORT, NM US","  74.0","24","  58.3","24","1010.6","22","838.7","24","  9.6","24","  6.6","24"," 26.0"," 36.9","  93.0"," ","  64.0"," "," 0.46","G","999.9","010010"
"72365023050","2024-07-28","35.04189","-106.61545","1618.4","ALBUQUERQUE INTERNATIONAL AIRPORT, NM US","  81.8","24","  55.1","24","1009.0","23","837.8","24"," 10.0","24","  5.9","24"," 15.9"," 21.0","  96.1"," ","  64.0"," "," 0.00","G","999.9","010010"
"72365023050","2024-07-29","35.04189","-106.61545","1618.4","ALBUQUERQUE INTERNATIONAL AIRPORT, NM US","  84.9","24","  50.0","24","1010.5","22","839.4","24"," 10.0","24","  6.1","24"," 20.0"," 26.0","  96.1"," ","  69.1"," "," 0.00","G","999.9","000010"
"72365023050","2024-07-30","35.04189","-106.61545","1618.4","ALBUQUERQUE INTERNATIONAL AIRPORT, NM US","  81.0","24","  53.3","24","1011.1","24","839.6","24"," 10.0","24","  5.2","24"," 15.9"," 22.0","  96.1"," ","  69.1"," "," 0.00","G","999.9","010000"
"72365023050","2024-07-31","35.04189","-106.61545","1618.4","ALBUQUERQUE INTERNATIONAL AIRPORT, NM US","  84.9","24","  47.5","24","1009.3","24","838.4","24"," 10.0","24","  5.3","24"," 13.0","999.9","  99.0"," ","  69.1"," "," 0.00","G","999.9","000000"
"72365023050","2024-08-01","35.04189","-106.61545","1618.4","ALBUQUERQUE INTERNATIONAL AIRPORT, NM US","  85.8","24","  50.2","24","1012.6","24","841.4","24"," 10.0","24","  7.0","24"," 15.0"," 25.1","  99.0"," ","  71.1"," "," 0.00","G","999.9","000000"
"72365023050","2024-08-02","35.04189","-106.61545","1618.4","ALBUQUERQUE INTERNATIONAL AIRPORT, NM US","  80.7","24","  54.8","24","1018.4","21","845.7","24"," 10.0","24","  8.6","24"," 28.0"," 39.0","  98.1"," ","  70.0"," "," 0.00","G","999.9","010010"
"72365023050","2024-08-03","35.04189","-106.61545","1618.4","ALBUQUERQUE INTERNATIONAL AIRPORT, NM US","  80.5","24","  54.3","24","1016.7","24","844.2","24"," 10.0","24","  5.6","24"," 20.0"," 29.9","  96.1"," ","  70.0"," "," 0.00","G","999.9","000000"
"72365023050","2024-08-04","35.04189","-106.61545","1618.4","ALBUQUERQUE INTERNATIONAL AIRPORT, NM US","  81.3","24","  53.0","24","1013.3","23","841.5","24"," 10.0","24","  5.2","24"," 15.9"," 22.0","  97.0"," ","  66.9"," "," 0.00","G","999.9","000010"
"72365023050","2024-08-05","35.04189","-106.61545","1618.4","ALBUQUERQUE INTERNATIONAL AIRPORT, NM US","  83.8","24","  52.5","24","1012.3","24","840.9","24","  9.9","24","  6.2","24"," 12.0"," 20.0","  97.0"," ","  66.9"," "," 0.00","G","999.9","000000"
"72365023050","2024-08-06","35.04189","-106.61545","1618.4","ALBUQUERQUE INTERNATIONAL AIRPORT, NM US","  83.5","24","  47.9","24","1014.7","24","842.9","24"," 10.0","24","  6.0","24"," 12.0"," 20.0","  95.0"," ","  71.1"," "," 0.00","G","999.9","000000"
"72365023050","2024-08-07","35.04189","-106.61545","1618.4","ALBUQUERQUE INTERNATIONAL AIRPORT, NM US","  82.0","24","  44.7","24","1013.5","24","841.7","24"," 10.0","24","  4.4","24"," 11.1"," 18.1","  96.1"," ","  66.0"," "," 0.00","G","999.9","000000"
"72365023050","2024-08-08","35.04189","-106.61545","1618.4","ALBUQUERQUE INTERNATIONAL AIRPORT, NM US","  84.4","24","  49.9","24","1010.1","22","839.0","24"," 10.0","24","  9.2","24"," 25.1"," 32.1","  96.1"," ","  66.0"," "," 0.00","G","999.9","000010"
"72365023050","2024-08-09","35.04189","-106.61545","1618.4","ALBUQUERQUE INTERNATIONAL AIRPORT, NM US","  77.3","24","  54.2","24","1014.3","23","841.7","24","  9.7","24"," 14.0","24"," 33.0"," 49.0","  93.9"," ","  69.1"," "," 0.00","G","999.9","010010"
"72365023050","2024-08-10","35.04189","-106.61545","1618.4","ALBUQUERQUE INTERNATIONAL AIRPORT, NM US","  77.4","24","  56.8","24","1016.3","22","843.2","24"," 10.0","24","  6.9","24"," 17.1"," 22.0","  91.9"," ","  69.1"," "," 0.00","G","999.9","010010"
"72365023050","2024-08-11","35.04189","-106.61545","1618.4","ALBUQUERQUE INTERNATIONAL AIRPORT, NM US","  81.4","24","  53.0","24","1014.2","22","841.9","24"," 10.0","24","  6.8","24"," 15.9"," 24.1","  93.9","*","  68.0","*"," 0.00","G","999.9","010010"
"72365023050","2024-08-12","35.04189","-106.61545","1618.4","ALBUQUERQUE INTERNATIONAL AIRPORT, NM US","  83.5","24","  51.4","24","1012.0","23","840.6","24"," 10.0","24","  6.7","24"," 20.0"," 28.0","  96.1"," ","  71.1"," "," 0.00","G","999.9","000000"
"72365023050","2024-08-13","35.04189","-106.61545","1618.4","ALBUQUERQUE INTERNATIONAL AIRPORT, NM US","  78.8","24","  54.2","24","1012.4","24","840.5","24"," 10.0","24","  6.3","24"," 20.0"," 31.1","  96.1"," ","  66.9"," "," 0.00","G","999.9","010010"
"72365023050","2024-08-14","35.04189","-106.61545","1618.4","ALBUQUERQUE INTERNATIONAL AIRPORT, NM US","  77.6","24","  53.6","24","1013.5","24","841.2","24"," 10.0","24","  6.0","24"," 15.0"," 22.0","  93.0"," ","  66.9"," "," 0.00","G","999.9","000000"
"72365023050","2024-08-15","35.04189","-106.61545","1618.4","ALBUQUERQUE INTERNATIONAL AIRPORT, NM US","  82.4","24","  43.5","24","1012.6","24","840.9","24"," 10.0","24","  5.5","24"," 15.0","999.9","  96.1"," ","  66.9"," "," 0.00","G","999.9","000000"
"72365023050","2024-08-16","35.04189","-106.61545","1618.4","ALBUQUERQUE INTERNATIONAL AIRPORT, NM US","  86.1","24","  45.5","24","1011.4","24","840.3","24"," 10.0","24","  6.0","24"," 11.1"," 15.9","  99.0"," ","  68.0"," "," 0.00","G","999.9","010000"
"72365023050","2024-08-17","35.04189","-106.61545","1618.4","ALBUQUERQUE INTERNATIONAL AIRPORT, NM US","  83.8","24","  49.2","24","1012.8","24","841.4","24"," 10.0","24","  5.5","24"," 18.1"," 28.9","  99.0"," ","  70.0"," "," 0.00","G","999.9","010000"
"72365023050","2024-08-18","35.04189","-106.61545","1618.4","ALBUQUERQUE INTERNATIONAL AIRPORT, NM US","  82.7","24","  48.2","24","1013.7","24","842.0","24"," 10.0","24","  5.0","24"," 11.1"," 22.0","  98.1"," ","  68.0"," "," 0.00","G","999.9","010000"
"72365023050","2024-08-19","35.04189","-106.61545","1618.4","ALBUQUERQUE INTERNATIONAL AIRPORT, NM US","  84.1","24","  43.0","24","1014.0","24","842.3","24"," 10.0","24","  6.1","24"," 12.0","999.9","  96.1"," ","  68.0"," "," 0.00","G","999.9","000000"
"72365023050","2024-08-20","35.04189","-106.61545","1618.4","ALBUQUERQUE INTERNATIONAL AIRPORT, NM US","  86.0","24","  43.9","24","1013.9","24","842.5","24"," 10.0","24","  5.3","24","  9.9"," 20.0","  98.1"," ","  71.1"," "," 0.00","G","999.9","000000"
"72365023050","2024-08-21","35.04189","-106.61545","1618.4","ALBUQUERQUE INTERNATIONAL AIRPORT, NM US","  85.8","24","  41.1","24","1013.4","24","842.1","24"," 10.0","24","  6.1","24"," 12.0"," 18.1","  98.1"," ","  71.1"," "," 0.00","G","999.9","000000"
"72365023050","2024-08-22","35.04189","-106.61545","1618.4","ALBUQUERQUE INTERNATIONAL AIRPORT, NM US","  81.4","24","  48.1","24","1012.8","24","841.2","24","  9.9","24","  6.2","24"," 24.1"," 35.9","  97.0"," ","  68.0"," "," 0.00","G","999.9","010000"
"72365023050","2024-08-23","35.04189","-106.61545","1618.4","ALBUQUERQUE INTERNATIONAL AIRPORT, NM US","  76.9","24","  53.0","24","1014.7","24","842.0","24"," 10.0","24","  4.1","24"," 15.0"," 20.0","  93.9"," ","  64.9"," "," 0.00","G","999.9","000000"
"72365023050","2024-08-24","35.04189","-106.61545","1618.4","ALBUQUERQUE INTERNATIONAL AIRPORT, NM US","  75.7","24","  55.0","24","1016.5","22","843.1","24","  9.8","24","  7.8","24"," 28.9"," 47.0","  91.9"," ","  64.9"," "," 0.04","G","999.9","010010"
"72365023050","2024-08-25","35.04189","-106.61545","1618.4","ALBUQUERQUE INTERNATIONAL AIRPORT, NM US","  72.9","24","  53.3","24","1017.8","22","843.8","24","  9.9","24","  7.0","24"," 24.1"," 47.0","  91.9"," ","  62.1"," "," 0.02","G","999.9","010010"
"72365023050","2024-08-26","35.04189","-106.61545","1618.4","ALBUQUERQUE INTERNATIONAL AIRPORT, NM US","  74.0","24","  55.2","24","1019.3","23","845.1","24","  9.7","24","  8.7","24"," 28.9"," 41.0","  90.0"," ","  62.1"," "," 0.04","G","999.9","010010"
"72365023050","2024-08-27","35.04189","-106.61545","1618.4","ALBUQUERQUE INTERNATIONAL AIRPORT, NM US","  71.9","24","  54.4","24","1019.4","23","844.9","24"," 10.0","24","  6.4","24"," 21.0"," 24.1","  88.0"," ","  62.1"," "," 0.02","G","999.9","010010"
"72365023050","2024-08-28","35.04189","-106.61545","1618.4","ALBUQUERQUE INTERNATIONAL AIRPORT, NM US","  70.6","24","  56.2","24","1017.0","23","842.9","24"," 10.0","24","  6.2","24"," 22.0"," 27.0","  86.0"," ","  62.1"," "," 0.00","G","999.9","010010"
"72365023050","2024-08-29","35.04189","-106.61545","1618.4","ALBUQUERQUE INTERNATIONAL AIRPORT, NM US","  71.2","24","  55.5","24","1015.5","24","841.4","24"," 10.0","24","  5.3","24"," 12.0"," 18.1","  89.1"," ","  61.0"," "," 0.00","G","999.9","000000"
"72365023050","2024-08-30","35.04189","-106.61545","1618.4","ALBUQUERQUE INTERNATIONAL AIRPORT, NM US","  76.6","24","  47.7","24","1015.9","24","842.8","24"," 10.0","24"," 11.5","24"," 28.9"," 41.0","  89.1"," ","  61.0"," "," 0.00","G","999.9","010000"
"72365023050","2024-08-31","35.04189","-106.61545","1618.4","ALBUQUERQUE INTERNATIONAL AIRPORT, NM US","  70.0","24","  53.3","24","1019.4","23","844.6","24"," 10.0","24","  6.4","24"," 28.9"," 42.0","  86.0"," ","  62.1"," "," 0.17","G","999.9","010010"
"72365023050","2024-09-01","35.04189","-106.61545","1618.4","ALBUQUERQUE INTERNATIONAL AIRPORT, NM US","  73.9","24","  47.2","24","1017.6","24","843.7","24"," 10.0","24","  7.8","24"," 18.1"," 27.0","  86.0"," ","  62.1"," "," 0.00","G","999.9","010000"
"72365023050","2024-09-02","35.04189","-106.61545","1618.4","ALBUQUERQUE INTERNATIONAL AIRPORT, NM US","  73.6","24","  42.1","24","1018.6","24","844.7","24"," 10.0","24","  9.1","24"," 18.1"," 21.0","  86.0"," ","  63.0"," "," 0.00","G","999.9","000000"
"72365023050","2024-09-03","35.04189","-106.61545","1618.4","ALBUQUERQUE INTERNATIONAL AIRPORT, NM US","  70.7","24","  47.0","24","1018.0","24","843.7","24"," 10.0","24","  5.3","24"," 15.0"," 19.0","  86.0"," ","  57.0"," "," 0.00","G","999.9","000000"
"72365023050","2024-09-04","35.04189","-106.61545","1618.4","ALBUQUERQUE INTERNATIONAL AIRPORT, NM US","  75.2","24","  45.8","24","1016.1","24","842.6","24"," 10.0","24","  4.4","24","  8.9","999.9","  93.0"," ","  57.0"," "," 0.00","G","999.9","000000"
"72365023050","2024-09-05","35.04189","-106.61545","1618.4","ALBUQUERQUE INTERNATIONAL AIRPORT, NM US","  78.8","24","  47.3","24","1016.2","24","843.4","24"," 10.0","24","  8.0","24"," 31.1"," 42.0","  93.0"," ","  63.0"," "," 0.00","G","999.9","000000"
"72365023050","2024-09-06","35.04189","-106.61545","1618.4","ALBUQUERQUE INTERNATIONAL AIRPORT, NM US","  70.0","24","  48.4","24","1022.3","24","847.2","24","  9.7","24"," 14.5","24"," 35.0"," 52.1","  88.0"," ","  62.1"," "," 0.00","G","999.9","000000"
"72365023050","2024-09-07","35.04189","-106.61545","1618.4","ALBUQUERQUE INTERNATIONAL AIRPORT, NM US","  72.8","24","  47.0","24","1019.6","24","845.2","24"," 10.0","24","  6.0","24"," 11.1"," 15.9","  84.0"," ","  62.1"," "," 0.00","G","999.9","000000"
"72365023050","2024-09-08","35.04189","-106.61545","1618.4","ALBUQUERQUE INTERNATIONAL AIRPORT, NM US","  73.5","24","  43.4","24","1016.0","24","842.4","24"," 10.0","24","  5.8","24","  8.9"," 18.1","  84.9"," ","  62.1"," "," 0.00","G","999.9","000000"
"72365023050","2024-09-09","35.04189","-106.61545","1618.4","ALBUQUERQUE INTERNATIONAL AIRPORT, NM US","  74.0","24","  37.5","24","1015.8","24","842.2","24"," 10.0","24","  4.6","24","  8.0"," 17.1","  87.1"," ","  61.0"," "," 0.00","G","999.9","000000"
"72365023050","2024-09-10","35.04189","-106.61545","1618.4","ALBUQUERQUE INTERNATIONAL AIRPORT, NM US","  75.6","24","  37.2","24","1012.4","24","839.7","24"," 10.0","24","  5.6","24"," 14.0"," 22.0","  91.0"," ","  61.0"," "," 0.00","G","999.9","000000"
"72365023050","2024-09-11","35.04189","-106.61545","1618.4","ALBUQUERQUE INTERNATIONAL AIRPORT, NM US","  77.8","24","  39.4","24","1008.0","24","836.5","24"," 10.0","24","  5.0","24"," 14.0"," 19.0","  91.0"," ","  63.0"," "," 0.00","G","999.9","000000"
"72365023050","2024-09-12","35.04189","-106.61545","1618.4","ALBUQUERQUE INTERNATIONAL AIRPORT, NM US","  76.5","24","  34.5","24","1004.7","24","833.5","24"," 10.0","24","  5.2","24"," 15.9"," 25.1","  91.9"," ","  59.0"," "," 0.00","G","999.9","000000"
"72365023050","2024-09-13","35.04189","-106.61545","1618.4","ALBUQUERQUE INTERNATIONAL AIRPORT, NM US","  77.0","24","  34.3","24","1006.7","24","835.3","24"," 10.0","24","  7.2","24"," 15.9","999.9","  91.9"," ","  59.0"," "," 0.00","G","999.9","000000"
"72365023050","2024-09-14","35.04189","-106.61545","1618.4","ALBUQUERQUE INTERNATIONAL AIRPORT, NM US","  78.4","24","  36.2","24","1009.5","24","837.8","24"," 10.0","24","  4.4","24"," 14.0"," 26.0","  91.0"," ","  60.1"," "," 0.00","G","999.9","000000"
"72365023050","2024-09-15","35.04189","-106.61545","1618.4","ALBUQUERQUE INTERNATIONAL AIRPORT, NM US","  76.5","24","  39.1","24","1009.7","24","837.8","24"," 10.0","24","  5.3","24"," 22.9"," 33.0","  91.0"," ","  63.0"," "," 0.00","G","999.9","000000"
"72365023050","2024-09-16","35.04189","-106.61545","1618.4","ALBUQUERQUE INTERNATIONAL AIRPORT, NM US","  69.8","24","  53.2","24","1011.7","24","838.5","24","  9.8","24","  7.8","24"," 12.0","999.9","  87.1"," ","  62.1"," "," 0.05","G","999.9","010000"
"72365023050","2024-09-17","35.04189","-106.61545","1618.4","ALBUQUERQUE INTERNATIONAL AIRPORT, NM US","  71.3","24","  55.4","24","1009.2","22","836.4","24"," 10.0","24","  8.1","24"," 22.0"," 32.1","  86.0"," ","  61.0"," "," 0.01","G","999.9","000010"
"72365023050","2024-09-18","35.04189","-106.61545","1618.4","ALBUQUERQUE INTERNATIONAL AIRPORT, NM US","  70.4","24","  44.0","24","1009.1","24","836.3","24"," 10.0","24","  4.8","24"," 12.0"," 14.0","  86.0"," ","  57.0"," "," 0.00","G","999.9","000000"
"72365023050","2024-09-19","35.04189","-106.61545","1618.4","ALBUQUERQUE INTERNATIONAL AIRPORT, NM US","  71.5","24","  39.7","24","1010.4","24","837.2","24"," 10.0","24","  4.6","24","  8.9","999.9","  86.0"," ","  57.0"," "," 0.00","G","999.9","000000"
"72365023050","2024-09-20","35.04189","-106.61545","1618.4","ALBUQUERQUE INTERNATIONAL AIRPORT, NM US","  73.1","24","  36.0","24","1008.7","24","836.2","24"," 10.0","24","  4.6","24","  9.9","999.9","  88.0"," ","  57.0"," "," 0.00","G","999.9","010000"
"72365023050","2024-09-21","35.04189","-106.61545","1618.4","ALBUQUERQUE INTERNATIONAL AIRPORT, NM US","  75.2","24","  44.7","24","1006.2","23","834.5","24"," 10.0","24"," 13.0","24"," 28.9"," 40.0","  88.0"," ","  61.0"," "," 0.00","G","999.9","000000"
"72365023050","2024-09-22","35.04189","-106.61545","1618.4","ALBUQUERQUE INTERNATIONAL AIRPORT, NM US","  63.0","24","  42.6","24","1013.1","24","838.8","24"," 10.0","24","  7.0","24"," 19.0"," 27.0","  86.0"," ","  52.0"," "," 0.00","G","999.9","000000"
"72365023050","2024-09-23","35.04189","-106.61545","1618.4","ALBUQUERQUE INTERNATIONAL AIRPORT, NM US","  65.2","24","  43.7","24","1014.3","24","839.5","24"," 10.0","24","  5.7","24"," 13.0"," 20.0","  80.1"," ","  52.0"," "," 0.00","G","999.9","000000"
"72365023050","2024-09-24","35.04189","-106.61545","1618.4","ALBUQUERQUE INTERNATIONAL AIRPORT, NM US","  69.1","24","  38.0","24","1012.7","24","838.8","24"," 10.0","24","  2.4","24","  7.0","999.9","  84.9"," ","  53.1"," "," 0.00","G","999.9","000000"
"72365023050","2024-09-25","35.04189","-106.61545","1618.4","ALBUQUERQUE INTERNATIONAL AIRPORT, NM US","  73.1","24","  38.0","24","1013.9","24","840.5","24"," 10.0","24","  7.8","24"," 19.0"," 28.9","  87.1"," ","  54.0"," "," 0.00","G","999.9","000000"
"72365023050","2024-09-26","35.04189","-106.61545","1618.4","ALBUQUERQUE INTERNATIONAL AIRPORT, NM US","  73.8","24","  39.5","24","1012.7","24","839.6","24"," 10.0","24","  4.9","24","  8.9","999.9","  90.0"," ","  57.0"," "," 0.00","G","999.9","000000"
"72365023050","2024-09-27","35.04189","-106.61545","1618.4","ALBUQUERQUE INTERNATIONAL AIRPORT, NM US","  76.4","24","  36.4","24","1011.1","21","838.7","24","  9.2","24","  4.2","24","  7.0","999.9","  91.9"," ","  57.0"," "," 0.00","G","999.9","000000"
"72365023050","2024-09-28","35.04189","-106.61545","1618.4","ALBUQUERQUE INTERNATIONAL AIRPORT, NM US","  78.4","24","  40.9","24","1014.1","24","841.5","24"," 10.0","24"," 10.7","24"," 25.1"," 40.0","  91.9"," ","  61.0"," "," 0.00","G","999.9","000000"
"72365023050","2024-09-29","35.04189","-106.61545","1618.4","ALBUQUERQUE INTERNATIONAL AIRPORT, NM US","  75.8","24","  41.9","24","1015.7","24","842.6","24"," 10.0","24","  8.4","24"," 15.0"," 20.0","  90.0"," ","  63.0"," "," 0.00","G","999.9","000000"
"72365023050","2024-09-30","35.04189","-106.61545","1618.4","ALBUQUERQUE INTERNATIONAL AIRPORT, NM US","  76.2","24","  37.2","24","1012.7","24","840.0","24"," 10.0","24","  4.8","24"," 13.0"," 24.1","  93.0"," ","  61.0"," "," 0.00","G","999.9","000000"
"72365023050","2024-10-01","35.04189","-106.61545","1618.4","ALBUQUERQUE INTERNATIONAL AIRPORT, NM US","  75.4","24","  37.3","24","1017.3","24","844.0","24"," 10.0","24"," 11.8","24"," 22.9"," 34.0","  93.0"," ","  61.0"," "," 0.00","G","999.9","000000"
"72365023050","2024-10-02","35.04189","-106.61545","1618.4","ALBUQUERQUE INTERNATIONAL AIRPORT, NM US","  70.3","24","  34.0","24","1017.2","24","842.9","24"," 10.0","24","  5.4","24"," 12.0","999.9","  84.9"," ","  57.0"," "," 0.00","G","999.9","000000"
"72365023050","2024-10-03","35.04189","-106.61545","1618.4","ALBUQUERQUE INTERNATIONAL AIRPORT, NM US","  72.1","24","  31.9","24","1010.7","24","837.7","24"," 10.0","24","  4.2","24","  8.9","999.9","  89.1"," ","  57.0"," "," 0.00","G","999.9","000000"
"72365023050","2024-10-04","35.04189","-106.61545","1618.4","ALBUQUERQUE INTERNATIONAL AIRPORT, NM US","  76.1","24","  31.6","24","1014.8","24","841.7","24","  9.7","24"," 14.2","24"," 33.0"," 42.9","  89.1"," ","  57.0"," "," 0.00","G","999.9","000000"
"72365023050","2024-10-05","35.04189","-106.61545","1618.4","ALBUQUERQUE INTERNATIONAL AIRPORT, NM US","  72.5","24","  32.8","24","1016.9","24","843.1","24"," 10.0","24","  5.6","24"," 19.0"," 27.0","  88.0"," ","  60.1"," "," 0.00","G","999.9","000000"
"72365023050","2024-10-06","35.04189","-106.61545","1618.4","ALBUQUERQUE INTERNATIONAL AIRPORT, NM US","  73.0","24","  24.7","24","1016.7","24","842.8","24"," 10.0","24","  7.2","24"," 17.1"," 22.0","  88.0"," ","  55.9"," "," 0.00","G","999.9","000000"
"72365023050","2024-10-07","35.04189","-106.61545","1618.4","ALBUQUERQUE INTERNATIONAL AIRPORT, NM US","  70.4","24","  34.3","24","1017.5","24","843.5","24"," 10.0","24","  7.3","24"," 19.0"," 24.1","  87.1"," ","  55.9"," "," 0.00","G","999.9","000000"
"72365023050","2024-10-08","35.04189","-106.61545","1618.4","ALBUQUERQUE INTERNATIONAL AIRPORT, NM US","  69.8","24","  28.9","24","1014.9","24","840.7","23"," 10.0","24","  3.6","24","  8.9","999.9","  84.0"," ","  55.0"," "," 0.00","G","999.9","000000"
"72365023050","2024-10-09","35.04189","-106.61545","1618.4","ALBUQUERQUE INTERNATIONAL AIRPORT, NM US","  69.3","24","  28.6","24","1015.6","24","841.3","24"," 10.0","24","  3.6","24","  8.0","999.9","  86.0"," ","  55.0"," "," 0.00","G","999.9","000000"
"72365023050","2024-10-10","35.04189","-106.61545","1618.4","ALBUQUERQUE INTERNATIONAL AIRPORT, NM US","  70.0","24","  27.9","24","1017.1","24","842.7","24"," 10.0","24","  3.9","24"," 12.0","999.9","  86.0"," ","  55.9"," "," 0.00","G","999.9","000000"
"72365023050","2024-10-11","35.04189","-106.61545","1618.4","ALBUQUERQUE INTERNATIONAL AIRPORT, NM US","  69.5","24","  24.9","24","1018.6","24","843.9","24"," 10.0","24","  3.8","24","  9.9","999.9","  86.0"," ","  55.9"," "," 0.00","G","999.9","000000"
"72365023050","2024-10-12","35.04189","-106.61545","1618.4","ALBUQUERQUE INTERNATIONAL AIRPORT, NM US","  70.5","24","  26.1","24","1018.0","24","843.6","24"," 10.0","24","  3.4","24","  7.0","999.9","  86.0"," ","  55.0"," "," 0.00","G","999.9","000000"
"72365023050","2024-10-13","35.04189","-106.61545","1618.4","ALBUQUERQUE INTERNATIONAL AIRPORT, NM US","  69.2","24","  28.1","24","1017.4","24","842.9","24"," 10.0","24","  3.0","24","  8.0","999.9","  86.0"," ","  55.0"," "," 0.00","G","999.9","000000"
"72365023050","2024-10-14","35.04189","-106.61545","1618.4","ALBUQUERQUE INTERNATIONAL AIRPORT, NM US","  70.6","24","  34.5","24","1018.6","24","844.0","24"," 10.0","24","  7.6","24"," 13.0","999.9","  82.9"," ","  55.0"," "," 0.00","G","999.9","000000"
"72365023050","2024-10-15","35.04189","-106.61545","1618.4","ALBUQUERQUE INTERNATIONAL AIRPORT, NM US","  67.6","24","  25.1","24","1016.7","24","842.0","24"," 10.0","24","  5.6","24","  8.9","999.9","  82.9"," ","  55.9"," "," 0.00","G","999.9","000000"
"72365023050","2024-10-16","35.04189","-106.61545","1618.4","ALBUQUERQUE INTERNATIONAL AIRPORT, NM US","  63.8","24","  31.1","24","1019.5","24","844.0","24"," 10.0","24"," 18.5","24"," 29.9"," 41.0","  82.9"," ","  51.1"," "," 0.00","G","999.9","010000"
"72365023050","2024-10-17","35.04189","-106.61545","1618.4","ALBUQUERQUE INTERNATIONAL AIRPORT, NM US","  61.6","24","  37.0","24","1013.9","24","838.6","24"," 10.0","24","  7.5","24"," 25.1"," 36.9","  72.0"," ","  51.1"," "," 0.00","G","999.9","010000"
"72365023050","2024-10-18","35.04189","-106.61545","1618.4","ALBUQUERQUE INTERNATIONAL AIRPORT, NM US","  64.3","24","  40.1","24","1007.2","24","833.5","24","  9.7","24"," 18.0","24"," 35.0"," 45.1","  73.9"," ","  53.1"," "," 0.00","G","999.9","000000"
"72365023050","2024-10-19","35.04189","-106.61545","1618.4","ALBUQUERQUE INTERNATIONAL AIRPORT, NM US","  55.9","24","  43.7","24","1014.6","23","838.9","24","  8.9","24"," 12.5","24"," 29.9"," 42.0","  73.9"," ","  44.1"," "," 0.38","G","999.9","010000"
"72365023050","2024-10-20","35.04189","-106.61545","1618.4","ALBUQUERQUE INTERNATIONAL AIRPORT, NM US","  62.3","24","  47.0","24","1017.9","24","841.7","24"," 10.0","24"," 13.2","24"," 28.9"," 40.0","  73.9"," ","  44.1"," "," 0.07","G","999.9","010000"
"72365023050","2024-10-21","35.04189","-106.61545","1618.4","ALBUQUERQUE INTERNATIONAL AIRPORT, NM US","  57.1","24","  35.4","24","1020.2","24","843.3","24"," 10.0","24","  8.7","24"," 22.0"," 22.9","  73.9"," ","  46.0"," "," 0.00","G","999.9","000000"
"72365023050","2024-10-22","35.04189","-106.61545","1618.4","ALBUQUERQUE INTERNATIONAL AIRPORT, NM US","  57.4","24","  36.5","24","1021.7","24","844.3","24"," 10.0","24","  4.7","24","  8.9","999.9","  71.1"," ","  46.0"," "," 0.00","G","999.9","000000"
"72365023050","2024-10-23","35.04189","-106.61545","1618.4","ALBUQUERQUE INTERNATIONAL AIRPORT, NM US","  59.8","24","  34.7","24","1021.8","24","844.8","24"," 10.0","24","  3.2","24","  9.9","999.9","  78.1"," ","  46.0"," "," 0.00","G","999.9","000000"
"72365023050","2024-10-24","35.04189","-106.61545","1618.4","ALBUQUERQUE INTERNATIONAL AIRPORT, NM US","  62.0","24","  30.8","24","1016.0","24","840.4","24"," 10.0","24","  2.2","24","  6.0","999.9","  82.0"," ","  46.0"," "," 0.00","G","999.9","000000"
"72365023050","2024-10-25","35.04189","-106.61545","1618.4","ALBUQUERQUE INTERNATIONAL AIRPORT, NM US","  64.9","24","  30.0","24","1018.2","24","842.8","24"," 10.0","24","  7.3","24"," 13.0"," 22.0","  84.0"," ","  46.0"," "," 0.00","G","999.9","000000"
"72365023050","2024-10-26","35.04189","-106.61545","1618.4","ALBUQUERQUE INTERNATIONAL AIRPORT, NM US","  61.4","24","  34.4","24","1022.8","24","846.1","24"," 10.0","24","  4.6","24","  8.0","999.9","  77.0"," ","  46.9"," "," 0.00","G","999.9","000000"
"72365023050","2024-10-27","35.04189","-106.61545","1618.4","ALBUQUERQUE INTERNATIONAL AIRPORT, NM US","  63.8","24","  35.4","24","1020.5","24","844.4","24"," 10.0","24","  2.8","24","  8.9","999.9","  81.0"," ","  46.9"," "," 0.00","G","999.9","000000"
"72365023050","2024-10-28","35.04189","-106.61545","1618.4","ALBUQUERQUE INTERNATIONAL AIRPORT, NM US","  65.2","24","  33.7","24","1012.3","24","837.9","24"," 10.0","24","  4.6","24"," 13.0","999.9","  84.0","*","  53.1","*"," 0.00","G","999.9","000000"
"72365023050","2024-10-29","35.04189","-106.61545","1618.4","ALBUQUERQUE INTERNATIONAL AIRPORT, NM US","  65.5","24","  27.7","24","1002.9","24","830.3","24"," 10.0","24"," 12.9","24"," 22.0"," 34.0","  84.0"," ","  51.1"," "," 0.00","G","999.9","010000"
"72365023050","2024-10-30","35.04189","-106.61545","1618.4","ALBUQUERQUE INTERNATIONAL AIRPORT, NM US","  52.7","24","  18.2","24","1010.2","24","834.7","24"," 10.0","24","  9.6","24"," 18.1"," 35.0","  75.0"," ","  39.0"," "," 0.00","G","999.9","000000"
"72365023050","2024-10-31","35.04189","-106.61545","1618.4","ALBUQUERQUE INTERNATIONAL AIRPORT, NM US","  45.3","24","  18.4","24","1020.3","24","841.1","24"," 10.0","24","  4.2","24"," 14.0","999.9","  61.0"," ","  32.0"," "," 0.00","G","999.9","000000"
"72365023050","2024-11-01","35.04189","-106.61545","1618.4","ALBUQUERQUE INTERNATIONAL AIRPORT, NM US","  48.8","24","  16.2","24","1017.6","24","839.3","24"," 10.0","24","  4.2","24","  9.9","999.9","  63.0"," ","  32.0"," "," 0.00","G","999.9","000000"
"72365023050","2024-11-02","35.04189","-106.61545","1618.4","ALBUQUERQUE INTERNATIONAL AIRPORT, NM US","  53.6","24","  21.1","24","1012.1","24","835.9","24"," 10.0","24","  5.0","24"," 14.0","999.9","  70.0"," ","  37.0"," "," 0.00","G","999.9","000000"
"72365023050","2024-11-03","35.04189","-106.61545","1618.4","ALBUQUERQUE INTERNATIONAL AIRPORT, NM US","  53.7","24","  24.5","24","1004.5","24","829.7","24"," 10.0","24","  6.8","24"," 21.0"," 31.1","  70.0"," ","  37.9"," "," 0.00","G","999.9","010000"
"72365023050","2024-11-04","35.04189","-106.61545","1618.4","ALBUQUERQUE INTERNATIONAL AIRPORT, NM US","  41.9","24","  36.4","24","1005.3","15","828.8","24","  7.5","24","  6.8","24"," 12.0","999.9","  57.0"," ","  37.0"," "," 0.21","G","999.9","010000"
"72365023050","2024-11-05","35.04189","-106.61545","1618.4","ALBUQUERQUE INTERNATIONAL AIRPORT, NM US","  40.9","24","  34.6","24","1014.4","20","835.6","24","  7.6","24","  3.7","24","  9.9","999.9","  53.1"," ","  33.1"," "," 0.33","G","999.9","110000"
"72365023050","2024-11-06","35.04189","-106.61545","1618.4","ALBUQUERQUE INTERNATIONAL AIRPORT, NM US","  42.7","24","  30.2","24","1009.5","22","832.1","24","  9.5","24","  8.2","24"," 13.0","999.9","  53.1"," ","  33.1"," "," 0.00","G","999.9","011000"
"72365023050","2024-11-07","35.04189","-106.61545","1618.4","ALBUQUERQUE INTERNATIONAL AIRPORT, NM US","  35.9","24","  30.5","24","1018.1","14","837.4","24","  6.2","24"," 12.9","24"," 27.0"," 35.0","  46.9"," ","  32.0"," "," 0.23","G","999.9","111000"
"72365023050","2024-11-08","35.04189","-106.61545","1618.4","ALBUQUERQUE INTERNATIONAL AIRPORT, NM US","  33.2","24","  29.5","24","1020.9","16","839.7","24","  6.8","24","  4.2","24","  9.9","999.9","  43.0"," ","  28.0"," "," 0.08","G","999.9","101000"
"72365023050","2024-11-09","35.04189","-106.61545","1618.4","ALBUQUERQUE INTERNATIONAL AIRPORT, NM US","  37.6","24","  28.4","24","1019.3","23","838.3","24","  9.9","24","  2.8","24"," 13.0","999.9","  52.0"," ","  28.0"," "," 0.00","G","999.9","000000"
"72365023050","2024-11-10","35.04189","-106.61545","1618.4","ALBUQUERQUE INTERNATIONAL AIRPORT, NM US","  43.1","24","  31.5","24","1021.2","24","841.1","24"," 10.0","24","  4.9","24","  8.9","999.9","  60.1"," ","  28.9"," "," 0.00","G","999.9","000000"
"72365023050","2024-11-11","35.04189","-106.61545","1618.4","ALBUQUERQUE INTERNATIONAL AIRPORT, NM US","  44.9","24","  33.2","24","1021.7","24","842.0","24"," 10.0","24","  3.2","24","  8.9","999.9","  60.1"," ","  32.0"," "," 0.00","G","999.9","000000"
"72365023050","2024-11-12","35.04189","-106.61545","1618.4","ALBUQUERQUE INTERNATIONAL AIRPORT, NM US","  45.6","24","  32.0","24","1014.3","24","835.9","24"," 10.0","24","  3.5","24"," 26.0"," 33.0","  63.0"," ","  34.0"," "," 0.00","G","999.9","000000"
"72365023050","2024-11-13","35.04189","-106.61545","1618.4","ALBUQUERQUE INTERNATIONAL AIRPORT, NM US","  46.2","24","  21.2","24","1019.3","24","840.3","24"," 10.0","24","  7.2","24"," 26.0"," 28.9","  63.0"," ","  34.0"," "," 0.00","G","999.9","000000"
"72365023050","2024-11-14","35.04189","-106.61545","1618.4","ALBUQUERQUE INTERNATIONAL AIRPORT, NM US","  44.7","24","  24.0","24","1022.1","24","842.3","24"," 10.0","24","  4.0","24","  8.0","999.9","  62.1"," ","  32.0"," "," 0.00","G","999.9","000000"
"72365023050","2024-11-15","35.04189","-106.61545","1618.4","ALBUQUERQUE INTERNATIONAL AIRPORT, NM US","  47.2","24","  24.4","24","1012.7","24","835.2","24"," 10.0","24","  4.7","24"," 22.9"," 33.0","  69.1"," ","  32.0"," "," 0.00","G","999.9","000000"
"72365023050","2024-11-16","35.04189","-106.61545","1618.4","ALBUQUERQUE INTERNATIONAL AIRPORT, NM US","  51.5","24","  19.2","24","1005.2","24","829.7","24"," 10.0","24","  7.0","24"," 22.0"," 26.0","  69.1"," ","  33.1"," "," 0.00","G","999.9","000000"
"72365023050","2024-11-17","35.04189","-106.61545","1618.4","ALBUQUERQUE INTERNATIONAL AIRPORT, NM US","  45.3","24","  24.5","24","1008.9","24","831.8","24"," 10.0","24","  6.0","24"," 11.1","999.9","  61.0"," ","  35.1"," "," 0.00","G","999.9","010000"
"72365023050","2024-11-18","35.04189","-106.61545","1618.4","ALBUQUERQUE INTERNATIONAL AIRPORT, NM US","  45.8","24","  30.1","24","1006.4","23","829.5","24","  9.8","24","  4.3","24"," 13.0","999.9","  57.0","*","  37.9","*"," 0.21","G","999.9","010000"
"72365023050","2024-11-19","35.04189","-106.61545","1618.4","ALBUQUERQUE INTERNATIONAL AIRPORT, NM US","  43.7","24","  19.2","24","1012.7","24","834.5","24"," 10.0","24","  8.8","24"," 22.9"," 33.0","  53.1","*","  36.0","*"," 0.00","G","999.9","000000"
"72365023050","2024-11-20","35.04189","-106.61545","1618.4","ALBUQUERQUE INTERNATIONAL AIRPORT, NM US","  37.1","24","   6.1","24","1027.5","24","845.4","24"," 10.0","24","  4.7","24"," 11.1","999.9","  50.0","*","  27.0","*"," 0.00","G","999.9","000000"
"72365023050","2024-11-21","35.04189","-106.61545","1618.4","ALBUQUERQUE INTERNATIONAL AIRPORT, NM US","  42.0","24","  11.6","24","1028.2","24","846.4","24"," 10.0","24","  2.8","24","  8.9","999.9","  60.1"," ","  30.0"," "," 0.00","G","999.9","000000"
"72365023050","2024-11-22","35.04189","-106.61545","1618.4","ALBUQUERQUE INTERNATIONAL AIRPORT, NM US","  42.9","24","  13.5","24","1024.7","24","844.3","24"," 10.0","24","  2.7","24","  9.9","999.9","  62.1"," ","  30.0"," "," 0.00","G","999.9","000000"
"72365023050","2024-11-23","35.04189","-106.61545","1618.4","ALBUQUERQUE INTERNATIONAL AIRPORT, NM US","  42.5","24","  14.7","24","1019.3","24","839.8","24"," 10.0","24","  3.5","24","  8.0","999.9","  62.1"," ","  30.0"," "," 0.00","G","999.9","000000"
"72365023050","2024-11-24","35.04189","-106.61545","1618.4","ALBUQUERQUE INTERNATIONAL AIRPORT, NM US","  47.0","24","  20.8","24","1013.8","24","835.6","24"," 10.0","24","  4.9","24","  8.0","999.9","  66.0"," ","  30.0"," "," 0.00","G","999.9","000000"
"72365023050","2024-11-25","35.04189","-106.61545","1618.4","ALBUQUERQUE INTERNATIONAL AIRPORT, NM US","  51.9","24","  23.1","24","1017.5","24","840.0","24"," 10.0","24","  3.5","24","  7.0","999.9","  66.0"," ","  34.0"," "," 0.00","G","999.9","000000"
"72365023050","2024-11-26","35.04189","-106.61545","1618.4","ALBUQUERQUE INTERNATIONAL AIRPORT, NM US","  47.7","24","  27.4","24","1020.4","24","841.5","24"," 10.0","24","  4.7","24","  8.9"," 15.9","  64.9"," ","  33.1"," "," 0.00","G","999.9","000000"
"72365023050","2024-11-27","35.04189","-106.61545","1618.4","ALBUQUERQUE INTERNATIONAL AIRPORT, NM US","  53.5","24","  31.0","24","1012.1","24","835.7","24"," 10.0","24"," 10.2","24"," 19.0"," 28.0","  64.9"," ","  33.1"," "," 0.00","G","999.9","000000"
"72365023050","2024-11-28","35.04189","-106.61545","1618.4","ALBUQUERQUE INTERNATIONAL AIRPORT, NM US","  42.8","24","  28.6","24","1019.0","24","839.7","24"," 10.0","24","  7.4","24"," 13.0"," 19.0","  57.0"," ","  36.0"," "," 0.00","G","999.9","010000"
"72365023050","2024-11-29","35.04189","-106.61545","1618.4","ALBUQUERQUE INTERNATIONAL AIRPORT, NM US","  37.4","24","  18.7","24","1024.0","24","842.6","24"," 10.0","24","  4.0","24"," 11.1","999.9","  50.0"," ","  26.1"," "," 0.00","G","999.9","000000"
"72365023050","2024-11-30","35.04189","-106.61545","1618.4","ALBUQUERQUE INTERNATIONAL AIRPORT, NM US","  38.3","24","  15.4","24","1024.4","24","842.8","24"," 10.0","24","  4.2","24","  8.9","999.9","  50.0"," ","  26.1"," "," 0.00","G","999.9","000000"
"72365023050","2024-12-01","35.04189","-106.61545","1618.4","ALBUQUERQUE INTERNATIONAL AIRPORT, NM US","  39.7","24","  11.8","24","1025.2","23","843.8","24"," 10.0","24","  3.4","24","  8.9","999.9","  55.9"," ","  28.9"," "," 0.00","G","999.9","000000"
"72365023050","2024-12-02","35.04189","-106.61545","1618.4","ALBUQUERQUE INTERNATIONAL AIRPORT, NM US","  42.6","24","  14.1","24","1026.0","24","845.1","24"," 10.0","24","  3.9","24"," 11.1","999.9","  57.9"," ","  27.0"," "," 0.00","G","999.9","000000"
"72365023050","2024-12-03","35.04189","-106.61545","1618.4","ALBUQUERQUE INTERNATIONAL AIRPORT, NM US","  43.4","24","  21.1","24","1026.6","24","845.7","24"," 10.0","24","  4.0","24"," 15.0","999.9","  57.9"," ","  27.0"," "," 0.00","G","999.9","000000"
"72365023050","2024-12-04","35.04189","-106.61545","1618.4","ALBUQUERQUE INTERNATIONAL AIRPORT, NM US","  43.9","24","  27.4","24","1023.3","24","843.1","24"," 10.0","24","  4.1","24","  8.0","999.9","  59.0"," ","  28.0"," "," 0.00","G","999.9","000000"
"72365023050","2024-12-05","35.04189","-106.61545","1618.4","ALBUQUERQUE INTERNATIONAL AIRPORT, NM US","  46.6","24","  25.0","24","1023.5","24","843.6","23"," 10.0","24","  8.4","24"," 15.0","999.9","  59.0"," ","  30.0"," "," 0.00","G","999.9","000000"
"72365023050","2024-12-06","35.04189","-106.61545","1618.4","ALBUQUERQUE INTERNATIONAL AIRPORT, NM US","  42.7","24","  26.4","24","1023.7","24","843.4","24"," 10.0","24","  5.8","24"," 15.9"," 18.1","  57.9"," ","  30.9"," "," 0.00","G","999.9","000000"
"72365023050","2024-12-07","35.04189","-106.61545","1618.4","ALBUQUERQUE INTERNATIONAL AIRPORT, NM US","  41.6","24","  29.4","24","1022.8","24","842.2","24","  9.4","24","  4.1","24","  7.0","999.9","  54.0"," ","  30.0"," "," 0.00","G","999.9","000000"
"72365023050","2024-12-08","35.04189","-106.61545","1618.4","ALBUQUERQUE INTERNATIONAL AIRPORT, NM US","  41.6","24","  22.0","24","1017.3","24","837.7","24"," 10.0","24","  3.2","24","  8.9","999.9","  57.0"," ","  27.0"," "," 0.00","G","999.9","000000"
"72365023050","2024-12-09","35.04189","-106.61545","1618.4","ALBUQUERQUE INTERNATIONAL AIRPORT, NM US","  45.4","24","  16.8","24","1013.6","24","835.3","24"," 10.0","24","  6.0","24"," 22.0"," 29.9","  57.9"," ","  27.0"," "," 0.00","G","999.9","000000"
"72365023050","2024-12-10","35.04189","-106.61545","1618.4","ALBUQUERQUE INTERNATIONAL AIRPORT, NM US","  34.4","24","   9.7","24","1024.2","24","842.6","24"," 10.0","24","  9.8","24"," 22.0"," 32.1","  57.9"," ","  24.1"," "," 0.00","G","999.9","000000"
"72365023050","2024-12-11","35.04189","-106.61545","1618.4","ALBUQUERQUE INTERNATIONAL AIRPORT, NM US","  33.5","24","   4.6","24","1030.1","24","846.6","24"," 10.0","24","  5.3","24"," 13.0"," 19.0","  43.0"," ","  18.0"," "," 0.00","G","999.9","000000"
"72365023050","2024-12-12","35.04189","-106.61545","1618.4","ALBUQUERQUE INTERNATIONAL AIRPORT, NM US","  34.3","24","   8.6","24","1023.2","24","841.0","24"," 10.0","24","  2.1","24","  8.0","999.9","  46.0"," ","  18.0"," "," 0.00","G","999.9","000000"
"72365023050","2024-12-13","35.04189","-106.61545","1618.4","ALBUQUERQUE INTERNATIONAL AIRPORT, NM US","  37.6","24","   8.7","24","1018.5","24","837.6","24"," 10.0","24","  5.2","24"," 22.0"," 31.1","  55.9"," ","  27.0"," "," 0.00","G","999.9","000000"
"72365023050","2024-12-14","35.04189","-106.61545","1618.4","ALBUQUERQUE INTERNATIONAL AIRPORT, NM US","  39.2","24","  11.6","24","1024.1","24","842.9","24"," 10.0","24","  3.5","24","  8.9","999.9","  55.9"," ","  24.1"," "," 0.00","G","999.9","000000"
"72365023050","2024-12-15","35.04189","-106.61545","1618.4","ALBUQUERQUE INTERNATIONAL AIRPORT, NM US","  42.0","24","  13.2","24","1020.9","24","840.5","24"," 10.0","24","  2.7","24","  7.0","999.9","  60.1"," ","  24.1"," "," 0.00","G","999.9","000000"
"72365023050","2024-12-16","35.04189","-106.61545","1618.4","ALBUQUERQUE INTERNATIONAL AIRPORT, NM US","  42.2","24","  11.9","24","1023.1","24","842.8","24"," 10.0","24","  5.6","24"," 12.0","999.9","  60.1"," ","  27.0"," "," 0.00","G","999.9","000000"
"72365023050","2024-12-17","35.04189","-106.61545","1618.4","ALBUQUERQUE INTERNATIONAL AIRPORT, NM US","  38.4","24","  10.2","24","1023.3","24","842.1","24"," 10.0","24","  3.1","24","  8.9","999.9","  57.0"," ","  24.1"," "," 0.00","G","999.9","000000"
"72365023050","2024-12-18","35.04189","-106.61545","1618.4","ALBUQUERQUE INTERNATIONAL AIRPORT, NM US","  43.3","24","  14.5","24","1028.5","24","847.3","24"," 10.0","24","  6.1","24"," 14.0"," 19.0","  57.0"," ","  24.1"," "," 0.00","G","999.9","000000"
"72365023050","2024-12-19","35.04189","-106.61545","1618.4","ALBUQUERQUE INTERNATIONAL AIRPORT, NM US","  39.4","24","  17.0","24","1028.6","24","846.6","24"," 10.0","24","  2.6","24","  7.0","999.9","  55.9"," ","  27.0"," "," 0.00","G","999.9","000000"
"72365023050","2024-12-20","35.04189","-106.61545","1618.4","ALBUQUERQUE INTERNATIONAL AIRPORT, NM US","  42.8","24","  17.7","24","1029.2","24","847.7","24"," 10.0","24","  3.6","24","  8.9"," 17.1","  57.0"," ","  27.0"," "," 0.00","G","999.9","000000"
"72365023050","2024-12-21","35.04189","-106.61545","1618.4","ALBUQUERQUE INTERNATIONAL AIRPORT, NM US","  42.1","24","  17.3","24","1026.2","24","845.4","24"," 10.0","24","  4.8","24"," 12.0","999.9","  59.0"," ","  30.0"," "," 0.00","G","999.9","000000"
"72365023050","2024-12-22","35.04189","-106.61545","1618.4","ALBUQUERQUE INTERNATIONAL AIRPORT, NM US","  41.5","24","  14.8","24","1022.3","24","841.9","24"," 10.0","24","  2.3","24","  8.0","999.9","  59.0"," ","  27.0"," "," 0.00","G","999.9","000000"
"72365023050","2024-12-23","35.04189","-106.61545","1618.4","ALBUQUERQUE INTERNATIONAL AIRPORT, NM US","  47.7","24","  15.6","24","1018.0","24","839.2","24"," 10.0","24","  2.8","24","  8.9","999.9","  61.0"," ","  27.0"," "," 0.00","G","999.9","000000"
"72365023050","2024-12-24","35.04189","-106.61545","1618.4","ALBUQUERQUE INTERNATIONAL AIRPORT, NM US","  46.6","24","  23.0","24","1020.0","24","841.2","24"," 10.0","24","  4.2","24","  9.9","999.9","  61.0"," ","  30.0"," "," 0.00","G","999.9","000000"
"72365023050","2024-12-25","35.04189","-106.61545","1618.4","ALBUQUERQUE INTERNATIONAL AIRPORT, NM US","  41.3","24","  23.9","24","1014.1","24","835.1","24"," 10.0","24","  4.8","24"," 11.1","999.9","  55.9"," ","  30.0"," "," 0.00","G","999.9","000000"
"72365023050","2024-12-26","35.04189","-106.61545","1618.4","ALBUQUERQUE INTERNATIONAL AIRPORT, NM US","  38.3","24","  24.6","24","1015.5","24","835.9","24"," 10.0","24","  5.0","24","  9.9","999.9","  52.0"," ","  25.0"," "," 0.00","G","999.9","000000"
"72365023050","2024-12-27","35.04189","-106.61545","1618.4","ALBUQUERQUE INTERNATIONAL AIRPORT, NM US","  40.2","24","  25.3","24","1013.5","24","834.1","24"," 10.0","24","  4.5","24","  8.9","999.9","  54.0"," ","  25.0"," "," 0.00","G","999.9","000000"
"72365023050","2024-12-28","35.04189","-106.61545","1618.4","ALBUQUERQUE INTERNATIONAL AIRPORT, NM US","  44.6","24","  27.5","24","1014.7","24","836.0","24"," 10.0","24","  5.2","24"," 15.0"," 20.0","  55.9"," ","  28.9"," "," 0.00","G","999.9","000000"
"72365023050","2024-12-29","35.04189","-106.61545","1618.4","ALBUQUERQUE INTERNATIONAL AIRPORT, NM US","  45.8","24","  24.1","24","1019.3","24","840.1","24"," 10.0","24","  3.8","24"," 13.0","999.9","  62.1"," ","  30.9"," "," 0.00","G","999.9","000000"
"72365023050","2024-12-30","35.04189","-106.61545","1618.4","ALBUQUERQUE INTERNATIONAL AIRPORT, NM US","  49.8","24","  18.0","24","1012.3","24","835.1","24"," 10.0","24","  6.6","24"," 14.0","999.9","  62.1"," ","  30.9"," "," 0.00","G","999.9","000000"
"72365023050","2024-12-31","35.04189","-106.61545","1618.4","ALBUQUERQUE INTERNATIONAL AIRPORT, NM US","  42.3","24","  19.6","24","1016.3","24","837.9","18"," 10.0","24","  5.5","24"," 12.0","999.9","  61.0"," ","  28.9"," "," 0.00","G","999.9","000000"
